SlNo,State_Code,State,District_Key,District,Confirmed,Active,Recovered,Deceased,Migrated_Other,Delta_Confirmed,Delta_Active,Delta_Recovered,Delta_Deceased,District_Notes,Last_Updated
0,UN,State Unassigned,UN_Unassigned,Unassigned,0,0,0,0,0,0,0,0,0,,
1,AN,Andaman and Nicobar Islands,AN_Nicobars,Nicobars,0,0,0,0,0,0,0,0,0,District-wise numbers are out-dated as cumulative counts for each district are not reported in bulletin,
2,AN,Andaman and Nicobar Islands,AN_North and Middle Andaman,North and Middle Andaman,1,0,1,0,0,0,0,0,0,District-wise numbers are out-dated as cumulative counts for each district are not reported in bulletin,
3,AN,Andaman and Nicobar Islands,AN_South Andaman,South Andaman,51,19,32,0,0,0,0,0,0,District-wise numbers are out-dated as cumulative counts for each district are not reported in bulletin,
0,AP,Andhra Pradesh,AP_Foreign Evacuees,Foreign Evacuees,434,0,434,0,0,0,0,0,0,,
4,AP,Andhra Pradesh,AP_Anantapur,Anantapur,67248,140,66512,596,0,10,-19,29,0,,
5,AP,Andhra Pradesh,AP_Chittoor,Chittoor,85831,380,84612,839,0,39,-43,82,0,,
6,AP,Andhra Pradesh,AP_East Godavari,East Godavari,123556,478,122442,636,0,53,35,18,0,,
7,AP,Andhra Pradesh,AP_Guntur,Guntur,74532,488,73381,663,0,56,-10,66,0,,
8,AP,Andhra Pradesh,AP_Krishna,Krishna,47501,639,46199,663,0,38,-20,58,0,,
9,AP,Andhra Pradesh,AP_Kurnool,Kurnool,60530,86,59957,487,0,1,-12,13,0,,
0,AP,Andhra Pradesh,AP_Other State,Other State,2461,0,2461,0,0,0,0,0,0,,
10,AP,Andhra Pradesh,AP_Prakasam,Prakasam,61983,136,61269,578,0,1,-13,14,0,,
11,AP,Andhra Pradesh,AP_S.P.S. Nellore,S.P.S. Nellore,62043,541,60997,505,0,16,1,15,0,,
12,AP,Andhra Pradesh,AP_Srikakulam,Srikakulam,45905,143,45416,346,0,4,-10,14,0,,
13,AP,Andhra Pradesh,AP_Visakhapatnam,Visakhapatnam,59026,264,58213,549,0,18,-2,20,0,,
14,AP,Andhra Pradesh,AP_Vizianagaram,Vizianagaram,41008,62,40708,238,0,4,-9,13,0,,
15,AP,Andhra Pradesh,AP_West Godavari,West Godavari,93756,182,93041,533,0,27,-39,66,0,,
16,AP,Andhra Pradesh,AP_Y.S.R. Kadapa,Y.S.R. Kadapa,54898,161,54278,459,0,15,-20,34,1,,
17,AR,Arunachal Pradesh,AR_Anjaw,Anjaw,204,0,204,0,0,0,0,0,0,,
18,AR,Arunachal Pradesh,AR_Changlang,Changlang,1272,3,1265,4,0,0,0,0,0,,
19,AR,Arunachal Pradesh,AR_East Kameng,East Kameng,304,0,304,0,0,0,0,0,0,,
20,AR,Arunachal Pradesh,AR_East Siang,East Siang,1120,15,1101,4,0,0,0,0,0,,
21,AR,Arunachal Pradesh,AR_Kamle,Kamle,29,0,29,0,0,0,0,0,0,,
22,AR,Arunachal Pradesh,AR_Kra Daadi,Kra Daadi,37,0,37,0,0,0,0,0,0,,
23,AR,Arunachal Pradesh,AR_Kurung Kumey,Kurung Kumey,117,0,117,0,0,0,0,0,0,,
24,AR,Arunachal Pradesh,AR_Lepa Rada,Lepa Rada,277,2,275,0,0,0,0,0,0,,
25,AR,Arunachal Pradesh,AR_Lohit,Lohit,567,2,565,0,0,0,0,0,0,,
26,AR,Arunachal Pradesh,AR_Longding,Longding,249,3,246,0,0,0,0,0,0,,
27,AR,Arunachal Pradesh,AR_Lower Dibang Valley,Lower Dibang Valley,472,9,463,0,0,0,0,0,0,,
28,AR,Arunachal Pradesh,AR_Lower Siang,Lower Siang,286,1,285,0,0,0,0,0,0,,
29,AR,Arunachal Pradesh,AR_Lower Subansiri,Lower Subansiri,381,0,380,1,0,0,0,0,0,,
30,AR,Arunachal Pradesh,AR_Namsai,Namsai,429,5,420,4,0,0,0,0,0,,
31,AR,Arunachal Pradesh,AR_Pakke Kessang,Pakke Kessang,129,0,129,0,0,0,0,0,0,,
32,AR,Arunachal Pradesh,AR_Papum Pare,Papum Pare,6748,58,6661,29,0,0,0,0,0,,
33,AR,Arunachal Pradesh,AR_Shi Yomi,Shi Yomi,104,4,100,0,0,0,0,0,0,,
34,AR,Arunachal Pradesh,AR_Siang,Siang,133,5,127,1,0,0,0,0,0,,
35,AR,Arunachal Pradesh,AR_Tawang,Tawang,465,40,423,2,0,0,0,0,0,,
36,AR,Arunachal Pradesh,AR_Tirap,Tirap,586,5,579,2,0,0,0,0,0,,
37,AR,Arunachal Pradesh,AR_Upper Dibang Valley,Upper Dibang Valley,23,0,23,0,0,0,0,0,0,,
38,AR,Arunachal Pradesh,AR_Upper Siang,Upper Siang,360,1,359,0,0,0,0,0,0,,
39,AR,Arunachal Pradesh,AR_Upper Subansiri,Upper Subansiri,441,1,438,2,0,0,0,0,0,,
40,AR,Arunachal Pradesh,AR_West Kameng,West Kameng,916,10,902,4,0,0,0,0,0,,
41,AR,Arunachal Pradesh,AR_West Siang,West Siang,1029,4,1022,3,0,0,0,0,0,,
0,AS,Assam,AS_Airport Quarantine,Airport Quarantine,13,0,13,0,0,0,0,0,0,,
42,AS,Assam,AS_Baksa,Baksa,687,233,447,7,0,0,0,0,0,,
43,AS,Assam,AS_Barpeta,Barpeta,1121,84,1024,13,0,0,0,0,0,,
44,AS,Assam,AS_Biswanath,Biswanath,467,80,379,8,0,0,0,0,0,,
45,AS,Assam,AS_Bongaigaon,Bongaigaon,1303,463,834,6,0,0,0,0,0,,
46,AS,Assam,AS_Cachar,Cachar,6216,4678,1498,40,0,0,0,0,0,,
47,AS,Assam,AS_Charaideo,Charaideo,113,-3,105,11,0,0,0,0,0,,
48,AS,Assam,AS_Chirang,Chirang,280,53,219,8,0,0,0,0,0,,
49,AS,Assam,AS_Darrang,Darrang,1967,219,1730,18,0,0,0,0,0,,
50,AS,Assam,AS_Dhemaji,Dhemaji,765,317,440,8,0,0,0,0,0,,
51,AS,Assam,AS_Dhubri,Dhubri,1723,497,1215,11,0,0,0,0,0,,
52,AS,Assam,AS_Dibrugarh,Dibrugarh,9486,6975,2409,102,0,0,0,0,0,,
53,AS,Assam,AS_Dima Hasao,Dima Hasao,237,36,199,2,0,0,0,0,0,,
54,AS,Assam,AS_Goalpara,Goalpara,658,38,568,10,0,0,0,0,0,,
55,AS,Assam,AS_Golaghat,Golaghat,3803,2101,1656,46,0,0,0,0,0,,
56,AS,Assam,AS_Hailakandi,Hailakandi,1632,509,1116,7,0,0,0,0,0,,
57,AS,Assam,AS_Hojai,Hojai,1646,472,1160,14,0,0,0,0,0,,
58,AS,Assam,AS_Jorhat,Jorhat,8771,6965,1752,54,0,0,0,0,0,,
59,AS,Assam,AS_Kamrup,Kamrup,4590,2482,2074,34,0,0,0,0,0,,
60,AS,Assam,AS_Kamrup Metropolitan,Kamrup Metropolitan,50031,34512,15370,149,0,0,0,0,0,,
61,AS,Assam,AS_Karbi Anglong,Karbi Anglong,632,69,552,11,0,0,0,0,0,,
62,AS,Assam,AS_Karimganj,Karimganj,1200,219,955,26,0,0,0,0,0,,
63,AS,Assam,AS_Kokrajhar,Kokrajhar,408,43,353,12,0,0,0,0,0,,
64,AS,Assam,AS_Lakhimpur,Lakhimpur,3006,1847,1135,24,0,0,0,0,0,,
65,AS,Assam,AS_Majuli,Majuli,165,79,80,6,0,0,0,0,0,,
66,AS,Assam,AS_Morigaon,Morigaon,638,72,557,9,0,0,0,0,0,,
67,AS,Assam,AS_Nagaon,Nagaon,4515,1983,2506,26,0,0,0,0,0,,
68,AS,Assam,AS_Nalbari,Nalbari,948,104,828,16,0,0,0,0,0,,
0,AS,Assam,AS_Other State,Other State,1,0,1,0,0,0,0,0,0,,
69,AS,Assam,AS_Sivasagar,Sivasagar,529,22,473,34,0,0,0,0,0,,
70,AS,Assam,AS_Sonitpur,Sonitpur,2548,802,1727,19,0,0,0,0,0,,
71,AS,Assam,AS_South Salmara Mankachar,South Salmara Mankachar,51,3,47,1,0,0,0,0,0,,
72,AS,Assam,AS_Tinsukia,Tinsukia,3366,1526,1798,42,0,0,0,0,0,,
73,AS,Assam,AS_Udalguri,Udalguri,758,84,666,8,0,0,0,0,0,,
74,AS,Assam,AS_West Karbi Anglong,West Karbi Anglong,39,1,37,1,0,0,0,0,0,,
75,BR,Bihar,BR_Araria,Araria,7140,45,7073,22,0,13,11,2,0,,
76,BR,Bihar,BR_Arwal,Arwal,2282,46,2225,11,0,13,11,2,0,,
77,BR,Bihar,BR_Aurangabad,Aurangabad,5118,40,5063,15,0,2,-15,17,0,,
78,BR,Bihar,BR_Banka,Banka,3422,103,3300,19,0,11,7,4,0,,
79,BR,Bihar,BR_Begusarai,Begusarai,7635,133,7469,33,0,11,1,9,1,,
80,BR,Bihar,BR_Bhagalpur,Bhagalpur,9333,136,9122,75,0,11,-3,14,0,,
81,BR,Bihar,BR_Bhojpur,Bhojpur,4950,69,4839,42,0,10,4,6,0,,
82,BR,Bihar,BR_Buxar,Buxar,3960,40,3903,17,0,2,-5,7,0,,
83,BR,Bihar,BR_Darbhanga,Darbhanga,4018,40,3946,32,0,6,-1,7,0,,
101,BR,Bihar,BR_East Champaran,East Champaran,8292,80,8162,50,0,5,-3,8,0,,
84,BR,Bihar,BR_Gaya,Gaya,7725,123,7543,59,0,3,-22,25,0,,
85,BR,Bihar,BR_Gopalganj,Gopalganj,5699,36,5648,15,0,0,-43,43,0,,
86,BR,Bihar,BR_Jamui,Jamui,3136,29,3097,10,0,2,0,2,0,,
87,BR,Bihar,BR_Jehanabad,Jehanabad,4419,81,4319,19,0,4,-15,19,0,,
88,BR,Bihar,BR_Kaimur,Kaimur,2047,31,2006,10,0,1,-12,13,0,,
89,BR,Bihar,BR_Katihar,Katihar,7147,120,7015,12,0,2,-2,4,0,,
90,BR,Bihar,BR_Khagaria,Khagaria,3062,35,3015,12,0,12,6,6,0,,
91,BR,Bihar,BR_Kishanganj,Kishanganj,4263,111,4139,13,0,3,-1,4,0,,
92,BR,Bihar,BR_Lakhisarai,Lakhisarai,3684,125,3550,9,0,12,12,0,0,,
93,BR,Bihar,BR_Madhepura,Madhepura,4792,43,4732,17,0,7,-3,10,0,,
94,BR,Bihar,BR_Madhubani,Madhubani,7567,49,7486,32,0,6,-11,17,0,,
95,BR,Bihar,BR_Munger,Munger,4140,64,4026,50,0,3,0,3,0,,
96,BR,Bihar,BR_Muzaffarpur,Muzaffarpur,11458,285,11128,45,0,28,13,15,0,,
97,BR,Bihar,BR_Nalanda,Nalanda,8053,97,7901,55,0,11,4,7,0,,
98,BR,Bihar,BR_Nawada,Nawada,4131,147,3961,23,0,14,-6,20,0,,
100,BR,Bihar,BR_Patna,Patna,47918,2055,45490,373,0,201,-98,295,4,,
102,BR,Bihar,BR_Purnia,Purnia,9239,78,9139,22,0,9,2,7,0,,
103,BR,Bihar,BR_Rohtas,Rohtas,6670,61,6564,45,0,1,-5,6,0,,
104,BR,Bihar,BR_Saharsa,Saharsa,6692,63,6617,12,0,8,-4,12,0,,
105,BR,Bihar,BR_Samastipur,Samastipur,5159,59,5066,34,0,3,-7,10,0,,
106,BR,Bihar,BR_Saran,Saran,7037,241,6744,52,0,12,-8,20,0,,
107,BR,Bihar,BR_Sheikhpura,Sheikhpura,2975,9,2954,12,0,0,0,0,0,,
108,BR,Bihar,BR_Sheohar,Sheohar,1428,34,1393,1,0,3,3,0,0,,
109,BR,Bihar,BR_Sitamarhi,Sitamarhi,4336,107,4215,14,0,20,-43,63,0,,
110,BR,Bihar,BR_Siwan,Siwan,4640,65,4544,31,0,6,-19,25,0,,
111,BR,Bihar,BR_Supaul,Supaul,5563,43,5502,18,0,6,0,5,1,,
112,BR,Bihar,BR_Vaishali,Vaishali,5367,75,5245,46,1,11,-1,12,0,,
99,BR,Bihar,BR_West Champaran,West Champaran,5953,87,5844,22,0,2,-9,11,0,,
113,CH,Chandigarh,CH_Chandigarh,Chandigarh,19423,354,18754,315,0,78,9,68,1,,
0,CT,Chhattisgarh,CT_Other State,Other State,454,134,266,54,0,0,0,0,0,,
114,CT,Chhattisgarh,CT_Balod,Balod,8839,655,8105,79,0,0,0,0,0,,
115,CT,Chhattisgarh,CT_Baloda Bazar,Baloda Bazar,8666,41,8501,124,0,0,0,0,0,,
116,CT,Chhattisgarh,CT_Balrampur,Balrampur,3312,178,3123,11,0,0,0,0,0,,
117,CT,Chhattisgarh,CT_Bametara,Bametara,4399,347,4001,51,0,0,0,0,0,,
118,CT,Chhattisgarh,CT_Bastar,Bastar,7538,165,7290,83,0,0,0,0,0,,
119,CT,Chhattisgarh,CT_Bijapur,Bijapur,3969,30,3911,28,0,0,0,0,0,,
120,CT,Chhattisgarh,CT_Bilaspur,Bilaspur,17511,357,16967,187,0,0,0,0,0,,
121,CT,Chhattisgarh,CT_Dakshin Bastar Dantewada,Dakshin Bastar Dantewada,5800,4,5781,15,0,0,0,0,0,,
122,CT,Chhattisgarh,CT_Dhamtari,Dhamtari,7625,577,6943,105,0,0,0,0,0,,
123,CT,Chhattisgarh,CT_Durg,Durg,22013,1392,20072,549,0,0,0,0,0,,
124,CT,Chhattisgarh,CT_Gariaband,Gariaband,3885,158,3681,46,0,0,0,0,0,,
125,CT,Chhattisgarh,CT_Janjgir Champa,Janjgir Champa,18308,216,17882,210,0,0,0,0,0,,
126,CT,Chhattisgarh,CT_Jashpur,Jashpur,3248,285,2941,22,0,0,0,0,0,,
127,CT,Chhattisgarh,CT_Kabeerdham,Kabeerdham,5464,76,5320,68,0,0,0,0,0,,
128,CT,Chhattisgarh,CT_Kondagaon,Kondagaon,4923,101,4797,25,0,0,0,0,0,,
129,CT,Chhattisgarh,CT_Korba,Korba,15696,115,15477,104,0,0,0,0,0,,
130,CT,Chhattisgarh,CT_Koriya,Koriya,4620,237,4347,36,0,0,0,0,0,,
131,CT,Chhattisgarh,CT_Mahasamund,Mahasamund,7645,363,7168,114,0,0,0,0,0,,
132,CT,Chhattisgarh,CT_Mungeli,Mungeli,3786,49,3713,24,0,0,0,0,0,,
133,CT,Chhattisgarh,CT_Narayanpur,Narayanpur,1912,43,1867,2,0,0,0,0,0,,
134,CT,Chhattisgarh,CT_Raigarh,Raigarh,20886,339,20270,277,0,0,0,0,0,,
135,CT,Chhattisgarh,CT_Raipur,Raipur,51628,6251,44674,703,0,0,0,0,0,,
136,CT,Chhattisgarh,CT_Rajnandgaon,Rajnandgaon,17867,1223,16482,162,0,0,0,0,0,,
137,CT,Chhattisgarh,CT_Sukma,Sukma,3705,52,3643,10,0,0,0,0,0,,
138,CT,Chhattisgarh,CT_Surajpur,Surajpur,5443,537,4873,33,0,0,0,0,0,,
139,CT,Chhattisgarh,CT_Surguja,Surguja,7195,570,6547,78,0,0,0,0,0,,
140,CT,Chhattisgarh,CT_Uttar Bastar Kanker,Uttar Bastar Kanker,5935,100,5781,54,0,0,0,0,0,,
766,CT,Chhattisgarh,CT_Gaurela Pendra Marwahi,Gaurela Pendra Marwahi,1007,164,834,9,0,0,0,0,0,,
144,DL,Delhi,DL_Central Delhi,Central Delhi,184,184,0,0,0,0,0,0,0,District-wise numbers are out-dated as cumulative counts for each district are not reported in bulletin,
145,DL,Delhi,DL_East Delhi,East Delhi,38,38,0,0,0,0,0,0,0,District-wise numbers are out-dated as cumulative counts for each district are not reported in bulletin,
146,DL,Delhi,DL_New Delhi,New Delhi,37,37,0,0,0,0,0,0,0,District-wise numbers are out-dated as cumulative counts for each district are not reported in bulletin,
147,DL,Delhi,DL_North Delhi,North Delhi,60,60,0,0,0,0,0,0,0,District-wise numbers are out-dated as cumulative counts for each district are not reported in bulletin,
148,DL,Delhi,DL_North East Delhi,North East Delhi,25,25,0,0,0,0,0,0,0,District-wise numbers are out-dated as cumulative counts for each district are not reported in bulletin,
149,DL,Delhi,DL_North West Delhi,North West Delhi,32,31,0,1,0,0,0,0,0,District-wise numbers are out-dated as cumulative counts for each district are not reported in bulletin,
150,DL,Delhi,DL_Shahdara,Shahdara,48,48,0,0,0,0,0,0,0,District-wise numbers are out-dated as cumulative counts for each district are not reported in bulletin,
151,DL,Delhi,DL_South Delhi,South Delhi,70,70,0,0,0,0,0,0,0,District-wise numbers are out-dated as cumulative counts for each district are not reported in bulletin,
152,DL,Delhi,DL_South East Delhi,South East Delhi,130,130,0,0,0,0,0,0,0,District-wise numbers are out-dated as cumulative counts for each district are not reported in bulletin,
153,DL,Delhi,DL_South West Delhi,South West Delhi,42,42,0,0,0,0,0,0,0,District-wise numbers are out-dated as cumulative counts for each district are not reported in bulletin,
154,DL,Delhi,DL_West Delhi,West Delhi,122,122,0,0,0,0,0,0,0,District-wise numbers are out-dated as cumulative counts for each district are not reported in bulletin,
0,DN,Dadra and Nagar Haveli and Daman and Diu,DN_Other State,Other State,0,0,0,0,0,0,0,0,0,,
141,DN,Dadra and Nagar Haveli and Daman and Diu,DN_Dadra and Nagar Haveli,Dadra and Nagar Haveli,1643,5,1632,1,5,1,1,0,0,,
142,DN,Dadra and Nagar Haveli and Daman and Diu,DN_Daman,Daman,1404,4,1375,1,24,0,-1,1,0,,
143,DN,Dadra and Nagar Haveli and Daman and Diu,DN_Diu,Diu,312,3,309,0,0,0,0,0,0,,
0,GA,Goa,GA_Other State,Other State,200,9,190,1,0,0,0,0,0,District-wise numbers are out-dated as cumulative counts for each district are not reported in bulletin,
155,GA,Goa,GA_North Goa,North Goa,2668,1639,964,65,0,0,0,0,0,District-wise numbers are out-dated as cumulative counts for each district are not reported in bulletin,
156,GA,Goa,GA_South Goa,South Goa,3511,1978,1407,126,0,0,0,0,0,District-wise numbers are out-dated as cumulative counts for each district are not reported in bulletin,
0,GJ,Gujarat,GJ_Other State,Other State,162,0,159,3,0,0,0,0,0,,
157,GJ,Gujarat,GJ_Ahmedabad,Ahmedabad,56603,2959,51415,2229,0,0,0,0,0,,
158,GJ,Gujarat,GJ_Amreli,Amreli,3736,153,3551,32,0,0,0,0,0,,
159,GJ,Gujarat,GJ_Anand,Anand,2210,86,2107,17,0,0,0,0,0,,
160,GJ,Gujarat,GJ_Aravalli,Aravalli,1128,65,1038,25,0,0,0,0,0,,
161,GJ,Gujarat,GJ_Banaskantha,Banaskantha,4511,-15,4489,37,0,0,0,0,0,,
162,GJ,Gujarat,GJ_Bharuch,Bharuch,3773,139,3616,18,0,0,0,0,0,,
163,GJ,Gujarat,GJ_Bhavnagar,Bhavnagar,5737,104,5565,68,0,0,0,0,0,,
164,GJ,Gujarat,GJ_Botad,Botad,1018,67,940,11,0,0,0,0,0,,
165,GJ,Gujarat,GJ_Chhota Udaipur,Chhota Udaipur,858,16,839,3,0,0,0,0,0,,
167,GJ,Gujarat,GJ_Dahod,Dahod,2888,128,2753,7,0,0,0,0,0,,
187,GJ,Gujarat,GJ_Dang,Dang,144,3,141,0,0,0,0,0,0,,
166,GJ,Gujarat,GJ_Devbhumi Dwarka,Devbhumi Dwarka,1027,42,980,5,0,0,0,0,0,,
168,GJ,Gujarat,GJ_Gandhinagar,Gandhinagar,7954,325,7525,104,0,0,0,0,0,,
169,GJ,Gujarat,GJ_Gir Somnath,Gir Somnath,2286,150,2112,24,0,0,0,0,0,,
170,GJ,Gujarat,GJ_Jamnagar,Jamnagar,10081,182,9864,35,0,0,0,0,0,,
171,GJ,Gujarat,GJ_Junagadh,Junagadh,4807,275,4499,33,0,0,0,0,0,,
173,GJ,Gujarat,GJ_Kheda,Kheda,2879,120,2743,16,0,0,0,0,0,,
172,GJ,Gujarat,GJ_Kutch,Kutch,3859,217,3609,33,0,0,0,0,0,,
175,GJ,Gujarat,GJ_Mahisagar,Mahisagar,1909,108,1794,7,0,0,0,0,0,,
174,GJ,Gujarat,GJ_Mehsana,Mehsana,6572,267,6268,37,0,0,0,0,0,,
176,GJ,Gujarat,GJ_Morbi,Morbi,3018,238,2762,18,0,0,0,0,0,,
177,GJ,Gujarat,GJ_Narmada,Narmada,1915,62,1852,1,0,0,0,0,0,,
178,GJ,Gujarat,GJ_Navsari,Navsari,1559,23,1528,8,0,0,0,0,0,,
179,GJ,Gujarat,GJ_Panchmahal,Panchmahal,3965,177,3767,21,0,0,0,0,0,,
180,GJ,Gujarat,GJ_Patan,Patan,4119,84,3983,52,0,0,0,0,0,,
181,GJ,Gujarat,GJ_Porbandar,Porbandar,688,10,674,4,0,0,0,0,0,,
182,GJ,Gujarat,GJ_Rajkot,Rajkot,19672,1266,18217,189,0,0,0,0,0,,
183,GJ,Gujarat,GJ_Sabarkantha,Sabarkantha,2728,142,2573,13,0,0,0,0,0,,
184,GJ,Gujarat,GJ_Surat,Surat,48503,1158,46387,958,0,0,0,0,0,,
185,GJ,Gujarat,GJ_Surendranagar,Surendranagar,3393,220,3161,12,0,0,0,0,0,,
186,GJ,Gujarat,GJ_Tapi,Tapi,1023,14,1003,6,0,0,0,0,0,,
188,GJ,Gujarat,GJ_Vadodara,Vadodara,24030,1727,22070,233,0,0,0,0,0,,
189,GJ,Gujarat,GJ_Valsad,Valsad,1350,19,1322,9,0,0,0,0,0,,
212,HP,Himachal Pradesh,HP_Bilaspur,Bilaspur,2792,224,2544,23,1,0,0,0,0,,
213,HP,Himachal Pradesh,HP_Chamba,Chamba,2775,184,2539,49,3,0,0,0,0,One death of COVID-19 positive patient has occured due to non-covid reasons,
214,HP,Himachal Pradesh,HP_Hamirpur,Hamirpur,2739,241,2454,43,1,0,0,0,0,,
215,HP,Himachal Pradesh,HP_Kangra,Kangra,7515,702,6631,180,2,0,0,0,0,Death of Tibetan refugee on March 22 included in Kangra district's tally,
216,HP,Himachal Pradesh,HP_Kinnaur,Kinnaur,1298,67,1215,16,0,0,0,0,0,,
217,HP,Himachal Pradesh,HP_Kullu,Kullu,4328,198,4046,82,2,0,0,0,0,,
218,HP,Himachal Pradesh,HP_Lahaul and Spiti,Lahaul and Spiti,1220,25,1184,11,0,0,0,0,0,,
219,HP,Himachal Pradesh,HP_Mandi,Mandi,9459,930,8414,115,0,0,0,0,0,,
220,HP,Himachal Pradesh,HP_Shimla,Shimla,9894,644,8968,244,38,0,0,0,0,One death of COVID-19 positive patient has occured due to non-covid reasons,
221,HP,Himachal Pradesh,HP_Sirmaur,Sirmaur,3122,170,2925,27,0,0,0,0,0,,
222,HP,Himachal Pradesh,HP_Solan,Solan,6256,812,5378,66,0,0,0,0,0,,
223,HP,Himachal Pradesh,HP_Una,Una,2660,150,2476,34,0,0,0,0,0,,
0,HR,Haryana,HR_Foreign Evacuees,Foreign Evacuees,0,0,0,0,0,0,0,0,0,,
190,HR,Haryana,HR_Ambala,Ambala,11391,221,11029,141,0,18,-15,33,0,,
191,HR,Haryana,HR_Bhiwani,Bhiwani,6221,32,6049,140,0,6,-25,29,2,,
192,HR,Haryana,HR_Charkhi Dadri,Charkhi Dadri,1479,66,1390,23,0,3,0,3,0,,
193,HR,Haryana,HR_Faridabad,Faridabad,45280,591,44290,399,0,41,-47,87,1,,
194,HR,Haryana,HR_Fatehabad,Fatehabad,4635,65,4454,116,0,0,-24,23,1,,
195,HR,Haryana,HR_Gurugram,Gurugram,56402,1134,54926,342,0,99,-54,152,1,,
196,HR,Haryana,HR_Hisar,Hisar,16889,101,16475,313,0,18,-8,26,0,,
0,HR,Haryana,HR_Italians,Italians,0,0,0,0,0,0,0,0,0,,
197,HR,Haryana,HR_Jhajjar,Jhajjar,5783,124,5572,87,0,10,-2,11,1,,
198,HR,Haryana,HR_Jind,Jind,4663,179,4395,89,0,14,4,10,0,,
199,HR,Haryana,HR_Kaithal,Kaithal,3730,37,3645,48,0,1,-12,13,0,,
200,HR,Haryana,HR_Karnal,Karnal,10704,272,10287,145,0,27,-4,31,0,,
201,HR,Haryana,HR_Kurukshetra,Kurukshetra,8528,226,8181,121,0,28,13,15,0,,
202,HR,Haryana,HR_Mahendragarh,Mahendragarh,6562,44,6499,19,0,2,-5,7,0,,
203,HR,Haryana,HR_Nuh,Nuh,1669,12,1627,30,0,1,0,1,0,,
204,HR,Haryana,HR_Palwal,Palwal,4344,29,4291,24,0,3,-8,11,0,,
205,HR,Haryana,HR_Panchkula,Panchkula,9870,252,9478,140,0,22,-6,28,0,,
206,HR,Haryana,HR_Panipat,Panipat,10439,306,9988,145,0,21,8,13,0,,
207,HR,Haryana,HR_Rewari,Rewari,11254,179,11002,73,0,4,-12,16,0,,
208,HR,Haryana,HR_Rohtak,Rohtak,11995,149,11702,144,0,7,-12,19,0,,
209,HR,Haryana,HR_Sirsa,Sirsa,7908,88,7708,112,0,9,2,7,0,,
210,HR,Haryana,HR_Sonipat,Sonipat,14441,245,14117,79,0,30,1,28,1,,
211,HR,Haryana,HR_Yamunanagar,Yamunanagar,6358,183,6040,135,0,28,-9,37,0,,
246,JH,Jharkhand,JH_Bokaro,Bokaro,6435,86,6290,59,0,0,0,0,0,,
247,JH,Jharkhand,JH_Chatra,Chatra,1398,24,1363,11,0,0,0,0,0,,
248,JH,Jharkhand,JH_Deoghar,Deoghar,3590,22,3545,23,0,0,0,0,0,,
249,JH,Jharkhand,JH_Dhanbad,Dhanbad,7357,45,7210,102,0,0,0,0,0,,
250,JH,Jharkhand,JH_Dumka,Dumka,1371,14,1343,14,0,0,0,0,0,,
264,JH,Jharkhand,JH_East Singhbhum,East Singhbhum,17729,189,17185,355,0,0,0,0,0,,
251,JH,Jharkhand,JH_Garhwa,Garhwa,2781,37,2732,12,0,0,0,0,0,,
252,JH,Jharkhand,JH_Giridih,Giridih,3406,6,3386,14,0,0,0,0,0,,
253,JH,Jharkhand,JH_Godda,Godda,2069,9,2050,10,0,0,0,0,0,,
254,JH,Jharkhand,JH_Gumla,Gumla,2247,33,2210,4,0,0,0,0,0,,
255,JH,Jharkhand,JH_Hazaribagh,Hazaribagh,4337,62,4240,35,0,0,0,0,0,,
256,JH,Jharkhand,JH_Jamtara,Jamtara,1245,14,1227,4,0,0,0,0,0,,
257,JH,Jharkhand,JH_Khunti,Khunti,2104,21,2078,5,0,0,0,0,0,,
258,JH,Jharkhand,JH_Koderma,Koderma,3414,26,3360,28,0,0,0,0,0,,
259,JH,Jharkhand,JH_Latehar,Latehar,1869,14,1849,6,0,0,0,0,0,,
260,JH,Jharkhand,JH_Lohardaga,Lohardaga,1761,34,1717,10,0,0,0,0,0,,
261,JH,Jharkhand,JH_Pakur,Pakur,900,0,898,2,0,0,0,0,0,,
262,JH,Jharkhand,JH_Palamu,Palamu,3445,43,3382,20,0,0,0,0,0,,
265,JH,Jharkhand,JH_Ramgarh,Ramgarh,4410,68,4315,27,0,0,0,0,0,,
266,JH,Jharkhand,JH_Ranchi,Ranchi,30054,752,29091,211,0,0,0,0,0,,
267,JH,Jharkhand,JH_Sahibganj,Sahibganj,1629,24,1596,9,0,0,0,0,0,,
268,JH,Jharkhand,JH_Saraikela-Kharsawan,Saraikela-Kharsawan,3651,37,3602,12,0,0,0,0,0,,
269,JH,Jharkhand,JH_Simdega,Simdega,2008,11,1992,5,0,0,0,0,0,,
263,JH,Jharkhand,JH_West Singhbhum,West Singhbhum,4744,16,4690,38,0,0,0,0,0,,
224,JK,Jammu and Kashmir,JK_Anantnag,Anantnag,4754,104,4567,83,0,0,0,0,0,,
226,JK,Jammu and Kashmir,JK_Bandipora,Bandipora,4624,77,4488,59,0,0,0,0,0,,
227,JK,Jammu and Kashmir,JK_Baramulla,Baramulla,7896,152,7573,171,0,0,0,0,0,,
225,JK,Jammu and Kashmir,JK_Budgam,Budgam,7525,192,7226,107,0,0,0,0,0,,
228,JK,Jammu and Kashmir,JK_Doda,Doda,3367,84,3222,61,0,0,0,0,0,,
229,JK,Jammu and Kashmir,JK_Ganderbal,Ganderbal,4444,104,4297,43,0,0,0,0,0,,
230,JK,Jammu and Kashmir,JK_Jammu,Jammu,23339,848,22141,350,0,0,0,0,0,,
231,JK,Jammu and Kashmir,JK_Kathua,Kathua,3144,71,3025,48,0,0,0,0,0,,
232,JK,Jammu and Kashmir,JK_Kishtwar,Kishtwar,2714,35,2658,21,0,0,0,0,0,,
233,JK,Jammu and Kashmir,JK_Kulgam,Kulgam,2651,69,2529,53,0,0,0,0,0,,
234,JK,Jammu and Kashmir,JK_Kupwara,Kupwara,5485,142,5253,90,0,0,0,0,0,,
235,JK,Jammu and Kashmir,JK_Mirpur,Mirpur,0,0,0,0,0,0,0,0,0,,
236,JK,Jammu and Kashmir,JK_Muzaffarabad,Muzaffarabad,0,0,0,0,0,0,0,0,0,,
237,JK,Jammu and Kashmir,JK_Pulwama,Pulwama,5489,187,5214,88,0,0,0,0,0,,
238,JK,Jammu and Kashmir,JK_Punch,Punch,2438,26,2390,22,0,0,0,0,0,,
239,JK,Jammu and Kashmir,JK_Rajouri,Rajouri,3812,215,3543,54,0,0,0,0,0,,
240,JK,Jammu and Kashmir,JK_Ramban,Ramban,2085,38,2026,21,0,0,0,0,0,,
241,JK,Jammu and Kashmir,JK_Reasi,Reasi,1617,44,1559,14,0,0,0,0,0,,
242,JK,Jammu and Kashmir,JK_Samba,Samba,2713,246,2429,38,0,0,0,0,0,,
243,JK,Jammu and Kashmir,JK_Shopiyan,Shopiyan,2473,89,2347,37,0,0,0,0,0,,
244,JK,Jammu and Kashmir,JK_Srinagar,Srinagar,24996,595,23957,444,0,0,0,0,0,,
245,JK,Jammu and Kashmir,JK_Udhampur,Udhampur,4062,96,3909,57,0,0,0,0,0,,
270,KA,Karnataka,KA_Bagalkote,Bagalkote,13652,26,13490,136,0,2,-2,4,0,,
271,KA,Karnataka,KA_Ballari,Ballari,38797,238,37963,596,0,7,-17,23,1,,
272,KA,Karnataka,KA_Belagavi,Belagavi,26175,206,25627,342,0,12,-4,16,0,,
274,KA,Karnataka,KA_Bengaluru Rural,Bengaluru Rural,18194,301,17741,152,0,13,-10,22,1,,
273,KA,Karnataka,KA_Bengaluru Urban,Bengaluru Urban,386057,8795,372970,4291,1,471,-24,491,4,,
275,KA,Karnataka,KA_Bidar,Bidar,7235,68,6992,171,4,7,3,4,0,,
276,KA,Karnataka,KA_Chamarajanagara,Chamarajanagara,6731,101,6500,119,11,10,-5,15,0,,
277,KA,Karnataka,KA_Chikkaballapura,Chikkaballapura,12843,204,12522,116,1,25,4,21,0,,
278,KA,Karnataka,KA_Chikkamagaluru,Chikkamagaluru,13640,109,13392,139,0,9,-4,13,0,,
279,KA,Karnataka,KA_Chitradurga,Chitradurga,14193,155,13970,68,0,9,-5,14,0,,
280,KA,Karnataka,KA_Dakshina Kannada,Dakshina Kannada,32757,348,31673,734,2,34,12,22,0,,
281,KA,Karnataka,KA_Davanagere,Davanagere,21972,122,21586,264,0,14,7,7,0,,
282,KA,Karnataka,KA_Dharwad,Dharwad,21801,125,21069,607,0,6,-5,11,0,,
283,KA,Karnataka,KA_Gadag,Gadag,10897,38,10718,141,0,6,1,5,0,,
284,KA,Karnataka,KA_Hassan,Hassan,27901,265,27243,393,0,16,-8,24,0,,
285,KA,Karnataka,KA_Haveri,Haveri,10949,32,10727,190,0,1,-6,7,0,,
286,KA,Karnataka,KA_Kalaburagi,Kalaburagi,21017,242,20452,323,0,14,-13,26,1,,
287,KA,Karnataka,KA_Kodagu,Kodagu,5675,76,5529,70,0,14,-7,21,0,,
288,KA,Karnataka,KA_Kolar,Kolar,9646,112,9359,175,0,8,-1,9,0,,
289,KA,Karnataka,KA_Koppal,Koppal,13857,87,13491,279,0,5,-4,9,0,,
290,KA,Karnataka,KA_Mandya,Mandya,19341,168,19026,147,0,17,-20,37,0,,
291,KA,Karnataka,KA_Mysuru,Mysuru,52186,548,50630,1008,0,62,9,53,0,,
0,KA,Karnataka,KA_Other State,Other State,36,0,33,3,0,0,0,0,0,,
292,KA,Karnataka,KA_Raichur,Raichur,14143,85,13900,158,0,2,-7,9,0,,
293,KA,Karnataka,KA_Ramanagara,Ramanagara,7372,43,7253,76,0,2,-7,9,0,,
294,KA,Karnataka,KA_Shivamogga,Shivamogga,21969,212,21409,348,0,31,20,11,0,,
295,KA,Karnataka,KA_Tumakuru,Tumakuru,24401,374,23650,377,0,32,1,31,0,,
296,KA,Karnataka,KA_Udupi,Udupi,23006,64,22754,188,0,3,-9,12,0,,
297,KA,Karnataka,KA_Uttara Kannada,Uttara Kannada,14188,102,13911,175,0,13,-1,14,0,,
298,KA,Karnataka,KA_Vijayapura,Vijayapura,14144,111,13829,204,0,12,-7,19,0,,
299,KA,Karnataka,KA_Yadgir,Yadgir,10570,37,10472,61,0,0,-5,5,0,,
0,KL,Kerala,KL_Other State,Other State,0,0,0,0,0,0,0,0,0,,
300,KL,Kerala,KL_Alappuzha,Alappuzha,55411,3939,51220,231,21,0,0,0,0,,
301,KL,Kerala,KL_Ernakulam,Ernakulam,79846,8028,71508,299,11,0,0,0,0,,
302,KL,Kerala,KL_Idukki,Idukki,15771,3145,12608,16,2,0,0,0,0,,
303,KL,Kerala,KL_Kannur,Kannur,38509,3480,34830,191,8,0,0,0,0,,
304,KL,Kerala,KL_Kasaragod,Kasaragod,23804,1637,22079,84,4,0,0,0,0,,
305,KL,Kerala,KL_Kollam,Kollam,56930,4055,52651,211,13,0,0,0,0,,
306,KL,Kerala,KL_Kottayam,Kottayam,48448,6689,41618,139,2,0,0,0,0,,
307,KL,Kerala,KL_Kozhikode,Kozhikode,83114,5421,77401,279,13,0,0,0,0,,
308,KL,Kerala,KL_Malappuram,Malappuram,87881,5129,82422,320,10,0,0,0,0,,
309,KL,Kerala,KL_Palakkad,Palakkad,46595,5348,41121,119,7,0,0,0,0,,
310,KL,Kerala,KL_Pathanamthitta,Pathanamthitta,28055,5084,22922,47,2,0,0,0,0,,
311,KL,Kerala,KL_Thiruvananthapuram,Thiruvananthapuram,80032,3270,76059,634,69,0,0,0,0,,
312,KL,Kerala,KL_Thrissur,Thrissur,71865,6215,65329,313,8,0,0,0,0,,
313,KL,Kerala,KL_Wayanad,Wayanad,15824,2592,13183,48,1,0,0,0,0,,
314,LA,Ladakh,LA_Kargil,Kargil,2087,18,2026,43,0,0,0,0,0,,
315,LA,Ladakh,LA_Leh,Leh,7268,192,6993,83,0,0,0,0,0,,
316,LD,Lakshadweep,LD_Lakshadweep,Lakshadweep,0,0,0,0,0,0,0,0,0,,
369,MH,Maharashtra,MH_Ahmednagar,Ahmednagar,68406,1451,65923,1031,1,0,0,0,0,,
370,MH,Maharashtra,MH_Akola,Akola,10386,522,9513,346,5,0,0,0,0,,
371,MH,Maharashtra,MH_Amravati,Amravati,19645,487,18778,378,2,0,0,0,0,,
372,MH,Maharashtra,MH_Aurangabad,Aurangabad,47509,985,45312,1197,15,0,0,0,0,,
374,MH,Maharashtra,MH_Beed,Beed,16881,376,15980,518,7,0,0,0,0,,
373,MH,Maharashtra,MH_Bhandara,Bhandara,12504,641,11600,261,2,0,0,0,0,,
375,MH,Maharashtra,MH_Buldhana,Buldhana,13489,794,12472,217,6,0,0,0,0,,
376,MH,Maharashtra,MH_Chandrapur,Chandrapur,22978,757,21836,384,1,0,0,0,0,,
377,MH,Maharashtra,MH_Dhule,Dhule,15559,315,14898,343,3,0,0,0,0,,
378,MH,Maharashtra,MH_Gadchiroli,Gadchiroli,8402,244,8067,85,6,0,0,0,0,,
379,MH,Maharashtra,MH_Gondia,Gondia,13677,510,13013,148,6,0,0,0,0,,
380,MH,Maharashtra,MH_Hingoli,Hingoli,4149,82,3972,95,0,0,0,0,0,,
381,MH,Maharashtra,MH_Jalgaon,Jalgaon,55874,632,53787,1435,20,0,0,0,0,,
382,MH,Maharashtra,MH_Jalna,Jalna,12665,205,12122,337,1,0,0,0,0,,
383,MH,Maharashtra,MH_Kolhapur,Kolhapur,49062,542,46860,1657,3,0,0,0,0,,
384,MH,Maharashtra,MH_Latur,Latur,23110,401,22026,679,4,0,0,0,0,,
385,MH,Maharashtra,MH_Mumbai,Mumbai,289800,8218,269672,11056,854,0,0,0,0,"[Sep 9]After reconciling COVID-19 cases in Mumbai, owing to the removal of duplicates and change of addresses as per the original residence, 239 cases have been removed from the progressive figures.",
386,MH,Maharashtra,MH_Mumbai Suburban,Mumbai Suburban,0,0,0,0,0,0,0,0,0,,
387,MH,Maharashtra,MH_Nagpur,Nagpur,123266,4712,115368,3169,17,0,0,0,0,District administration provides number of persons tested instead of the number of samples tested.,
388,MH,Maharashtra,MH_Nanded,Nanded,21136,524,19957,650,5,0,0,0,0,Number of active cases differs in the state bulletin and district bulletin. We follow the state bulletin.,
389,MH,Maharashtra,MH_Nandurbar,Nandurbar,7908,396,7344,167,1,0,0,0,0,,
390,MH,Maharashtra,MH_Nashik,Nashik,113804,2502,109430,1871,1,0,0,0,0,Number of active cases differs in the state bulletin and district bulletin. We follow the state bulletin.,
391,MH,Maharashtra,MH_Osmanabad,Osmanabad,16753,266,15951,534,2,0,0,0,0,,
0,MH,Maharashtra,MH_Other State,Other State,855,785,0,69,1,0,0,0,0,,
392,MH,Maharashtra,MH_Palghar,Palghar,46506,203,45377,909,17,0,0,0,0,,
393,MH,Maharashtra,MH_Parbhani,Parbhani,7540,226,7027,276,11,0,0,0,0,,
394,MH,Maharashtra,MH_Pune,Pune,369631,14145,347730,7721,35,0,0,0,0,Number of active cases differs in the state bulletin and district bulletin. We follow the state bulletin.,
395,MH,Maharashtra,MH_Raigad,Raigad,65943,1251,63205,1480,7,0,0,0,0,Number of active cases differs in the state bulletin and district bulletin. We follow the state bulletin.,
396,MH,Maharashtra,MH_Ratnagiri,Ratnagiri,11129,494,10259,374,2,0,0,0,0,,
397,MH,Maharashtra,MH_Sangli,Sangli,50005,293,47946,1763,3,0,0,0,0,,
398,MH,Maharashtra,MH_Satara,Satara,54137,860,51525,1742,10,0,0,0,0,,
399,MH,Maharashtra,MH_Sindhudurg,Sindhudurg,5956,392,5409,154,1,0,0,0,0,,
400,MH,Maharashtra,MH_Solapur,Solapur,52883,1126,49998,1745,14,0,0,0,0,,
401,MH,Maharashtra,MH_Thane,Thane,252273,10246,236428,5540,59,0,0,0,0,,
402,MH,Maharashtra,MH_Wardha,Wardha,9291,484,8547,256,4,0,0,0,0,,
403,MH,Maharashtra,MH_Washim,Washim,6741,236,6355,148,2,0,0,0,0,,
404,MH,Maharashtra,MH_Yavatmal,Yavatmal,13529,520,12611,394,4,0,0,0,0,,
421,ML,Meghalaya,ML_East Garo Hills,East Garo Hills,338,4,333,1,0,0,0,0,0,,
422,ML,Meghalaya,ML_East Jaintia Hills,East Jaintia Hills,526,0,526,0,0,0,0,0,0,,
423,ML,Meghalaya,ML_East Khasi Hills,East Khasi Hills,8234,216,7909,109,0,0,0,0,0,,
424,ML,Meghalaya,ML_North Garo Hills,North Garo Hills,116,2,112,2,0,0,0,0,0,,
425,ML,Meghalaya,ML_Ribhoi,Ribhoi,1350,32,1316,2,0,0,0,0,0,,
426,ML,Meghalaya,ML_South Garo Hills,South Garo Hills,197,2,194,1,0,0,0,0,0,,
427,ML,Meghalaya,ML_South West Garo Hills,South West Garo Hills,196,4,190,2,0,0,0,0,0,,
428,ML,Meghalaya,ML_South West Khasi Hills,South West Khasi Hills,57,0,57,0,0,0,0,0,0,,
429,ML,Meghalaya,ML_West Garo Hills,West Garo Hills,1705,18,1671,16,0,0,0,0,0,,
430,ML,Meghalaya,ML_West Jaintia Hills,West Jaintia Hills,477,11,465,1,0,0,0,0,0,,
431,ML,Meghalaya,ML_West Khasi Hills,West Khasi Hills,173,5,167,1,0,0,0,0,0,,
0,MN,Manipur,MN_CAPF Personnel,CAPF Personnel,2616,1215,1399,2,0,0,0,0,0,,
405,MN,Manipur,MN_Bishnupur,Bishnupur,1266,1187,58,21,0,0,0,0,0,,
406,MN,Manipur,MN_Chandel,Chandel,348,335,4,9,0,0,0,0,0,,
407,MN,Manipur,MN_Churachandpur,Churachandpur,1404,1322,58,24,0,0,0,0,0,,
408,MN,Manipur,MN_Imphal East,Imphal East,5395,5172,150,73,0,0,0,0,0,,
409,MN,Manipur,MN_Imphal West,Imphal West,8452,8309,52,91,0,0,0,0,0,,
410,MN,Manipur,MN_Jiribam,Jiribam,264,262,2,0,0,0,0,0,0,,
411,MN,Manipur,MN_Kakching,Kakching,740,707,27,6,0,0,0,0,0,,
412,MN,Manipur,MN_Kamjong,Kamjong,251,234,17,0,0,0,0,0,0,,
413,MN,Manipur,MN_Kangpokpi,Kangpokpi,610,582,19,9,0,0,0,0,0,,
414,MN,Manipur,MN_Noney,Noney,320,301,18,1,0,0,0,0,0,,
415,MN,Manipur,MN_Pherzawl,Pherzawl,37,22,15,0,0,0,0,0,0,,
416,MN,Manipur,MN_Senapati,Senapati,471,449,21,1,0,0,0,0,0,,
417,MN,Manipur,MN_Tamenglong,Tamenglong,1326,1289,32,5,0,0,0,0,0,,
418,MN,Manipur,MN_Tengnoupal,Tengnoupal,273,259,13,1,0,0,0,0,0,,
419,MN,Manipur,MN_Thoubal,Thoubal,2256,2193,23,40,0,0,0,0,0,,
420,MN,Manipur,MN_Ukhrul,Ukhrul,534,514,18,2,0,0,0,0,0,,
317,MP,Madhya Pradesh,MP_Agar Malwa,Agar Malwa,618,23,585,10,0,0,0,0,0,,
318,MP,Madhya Pradesh,MP_Alirajpur,Alirajpur,1225,47,1165,13,0,0,0,0,0,,
319,MP,Madhya Pradesh,MP_Anuppur,Anuppur,1980,15,1951,14,0,0,0,0,0,,
320,MP,Madhya Pradesh,MP_Ashoknagar,Ashoknagar,1073,53,1004,16,0,0,0,0,0,,
321,MP,Madhya Pradesh,MP_Balaghat,Balaghat,2960,106,2841,13,0,0,0,0,0,,
322,MP,Madhya Pradesh,MP_Barwani,Barwani,2659,119,2518,22,0,0,0,0,0,,
323,MP,Madhya Pradesh,MP_Betul,Betul,3150,88,2995,67,0,0,0,0,0,,
324,MP,Madhya Pradesh,MP_Bhind,Bhind,1448,26,1412,10,0,0,0,0,0,,
325,MP,Madhya Pradesh,MP_Bhopal,Bhopal,38195,2055,35575,565,0,0,0,0,0,,
326,MP,Madhya Pradesh,MP_Burhanpur,Burhanpur,842,8,807,27,0,0,0,0,0,,
327,MP,Madhya Pradesh,MP_Chhatarpur,Chhatarpur,1977,66,1879,32,0,0,0,0,0,,
328,MP,Madhya Pradesh,MP_Chhindwara,Chhindwara,2624,36,2548,40,0,0,0,0,0,,
329,MP,Madhya Pradesh,MP_Damoh,Damoh,2595,148,2372,75,0,0,0,0,0,,
330,MP,Madhya Pradesh,MP_Datia,Datia,1804,56,1728,20,0,0,0,0,0,,
331,MP,Madhya Pradesh,MP_Dewas,Dewas,2693,69,2598,26,0,0,0,0,0,,
332,MP,Madhya Pradesh,MP_Dhar,Dhar,3744,129,3561,54,0,0,0,0,0,,
333,MP,Madhya Pradesh,MP_Dindori,Dindori,947,23,923,1,0,0,0,0,0,,
335,MP,Madhya Pradesh,MP_Guna,Guna,1420,81,1315,24,0,0,0,0,0,,
336,MP,Madhya Pradesh,MP_Gwalior,Gwalior,15740,334,15211,195,0,0,0,0,0,,
337,MP,Madhya Pradesh,MP_Harda,Harda,2005,52,1920,33,0,0,0,0,0,,
338,MP,Madhya Pradesh,MP_Hoshangabad,Hoshangabad,3527,61,3407,59,0,0,0,0,0,,
339,MP,Madhya Pradesh,MP_Indore,Indore,53323,3752,48716,855,0,0,0,0,0,,
340,MP,Madhya Pradesh,MP_Jabalpur,Jabalpur,15297,473,14587,237,0,0,0,0,0,,
341,MP,Madhya Pradesh,MP_Jhabua,Jhabua,2298,103,2169,26,0,0,0,0,0,,
342,MP,Madhya Pradesh,MP_Katni,Katni,2089,56,2016,17,0,0,0,0,0,,
334,MP,Madhya Pradesh,MP_Khandwa,Khandwa,2208,56,2089,63,0,0,0,0,0,,
368,MP,Madhya Pradesh,MP_Khargone,Khargone,4920,201,4628,91,0,0,0,0,0,,
343,MP,Madhya Pradesh,MP_Mandla,Mandla,1174,33,1131,10,0,0,0,0,0,,
344,MP,Madhya Pradesh,MP_Mandsaur,Mandsaur,2568,110,2425,33,0,0,0,0,0,,
345,MP,Madhya Pradesh,MP_Morena,Morena,3183,22,3135,26,0,0,0,0,0,,
346,MP,Madhya Pradesh,MP_Narsinghpur,Narsinghpur,3368,55,3286,27,0,0,0,0,0,,
347,MP,Madhya Pradesh,MP_Neemuch,Neemuch,2863,91,2735,37,0,0,0,0,0,,
348,MP,Madhya Pradesh,MP_Niwari,Niwari,613,12,599,2,0,0,0,0,0,,
0,MP,Madhya Pradesh,MP_Other Region,Other Region,0,0,0,0,0,0,0,0,0,,
349,MP,Madhya Pradesh,MP_Panna,Panna,1007,44,959,4,0,0,0,0,0,,
350,MP,Madhya Pradesh,MP_Raisen,Raisen,2307,45,2220,42,0,0,0,0,0,,
351,MP,Madhya Pradesh,MP_Rajgarh,Rajgarh,2225,101,2065,59,0,0,0,0,0,,
352,MP,Madhya Pradesh,MP_Ratlam,Ratlam,4263,277,3911,75,0,0,0,0,0,,
353,MP,Madhya Pradesh,MP_Rewa,Rewa,3750,168,3549,33,0,0,0,0,0,,
354,MP,Madhya Pradesh,MP_Sagar,Sagar,4892,184,4561,147,0,0,0,0,0,,
355,MP,Madhya Pradesh,MP_Satna,Satna,3198,134,3023,41,0,0,0,0,0,,
356,MP,Madhya Pradesh,MP_Sehore,Sehore,2623,84,2491,48,0,0,0,0,0,,
357,MP,Madhya Pradesh,MP_Seoni,Seoni,1467,41,1416,10,0,0,0,0,0,,
358,MP,Madhya Pradesh,MP_Shahdol,Shahdol,2900,72,2798,30,0,0,0,0,0,,
359,MP,Madhya Pradesh,MP_Shajapur,Shajapur,1650,65,1563,22,0,0,0,0,0,,
360,MP,Madhya Pradesh,MP_Sheopur,Sheopur,1383,54,1315,14,0,0,0,0,0,,
361,MP,Madhya Pradesh,MP_Shivpuri,Shivpuri,3464,76,3360,28,0,0,0,0,0,,
362,MP,Madhya Pradesh,MP_Sidhi,Sidhi,1924,65,1846,13,0,0,0,0,0,,
363,MP,Madhya Pradesh,MP_Singrauli,Singrauli,1839,70,1743,26,0,0,0,0,0,,
364,MP,Madhya Pradesh,MP_Tikamgarh,Tikamgarh,1241,48,1166,27,0,0,0,0,0,,
365,MP,Madhya Pradesh,MP_Ujjain,Ujjain,4533,221,4211,101,0,0,0,0,0,,
366,MP,Madhya Pradesh,MP_Umaria,Umaria,1201,28,1157,16,0,0,0,0,0,,
367,MP,Madhya Pradesh,MP_Vidisha,Vidisha,3403,125,3218,60,0,0,0,0,0,,
432,MZ,Mizoram,MZ_Aizawl,Aizawl,2740,63,2670,7,0,0,-6,6,0,,
433,MZ,Mizoram,MZ_Champhai,Champhai,94,4,90,0,0,0,0,0,0,,
729,MZ,Mizoram,MZ_Hnahthial,Hnahthial,18,3,15,0,0,0,0,0,0,,
730,MZ,Mizoram,MZ_Khawzawl,Khawzawl,22,0,22,0,0,0,0,0,0,,
434,MZ,Mizoram,MZ_Kolasib,Kolasib,286,8,278,0,0,0,0,0,0,,
435,MZ,Mizoram,MZ_Lawngtlai,Lawngtlai,312,10,302,0,0,0,-4,4,0,,
436,MZ,Mizoram,MZ_Lunglei,Lunglei,385,30,355,0,0,0,0,0,0,,
437,MZ,Mizoram,MZ_Mamit,Mamit,82,0,82,0,0,0,0,0,0,,
438,MZ,Mizoram,MZ_Saiha,Saiha,35,0,35,0,0,0,0,0,0,,
728,MZ,Mizoram,MZ_Saitual,Saitual,28,2,26,0,0,0,0,0,0,,
439,MZ,Mizoram,MZ_Serchhip,Serchhip,176,4,171,1,0,0,0,0,0,,
0,NL,Nagaland,NL_Others,Others,0,0,0,0,0,0,0,0,0,,
440,NL,Nagaland,NL_Dimapur,Dimapur,6387,110,6155,50,72,0,0,0,0,,
441,NL,Nagaland,NL_Kiphire,Kiphire,39,4,34,1,0,0,0,0,0,,
442,NL,Nagaland,NL_Kohima,Kohima,3706,89,3567,21,29,0,0,0,0,,
443,NL,Nagaland,NL_Longleng,Longleng,18,0,9,0,9,0,0,0,0,,
444,NL,Nagaland,NL_Mokokchung,Mokokchung,172,47,118,1,6,0,0,0,0,,
445,NL,Nagaland,NL_Mon,Mon,603,13,579,2,9,0,0,0,0,,
446,NL,Nagaland,NL_Peren,Peren,498,5,493,0,0,0,0,0,0,,
447,NL,Nagaland,NL_Phek,Phek,47,3,44,0,0,0,0,0,0,,
448,NL,Nagaland,NL_Tuensang,Tuensang,244,3,240,1,0,0,0,0,0,,
449,NL,Nagaland,NL_Wokha,Wokha,39,0,35,1,3,0,0,0,0,,
450,NL,Nagaland,NL_Zunheboto,Zunheboto,142,0,139,0,3,0,0,0,0,,
0,OR,Odisha,OR_State Pool,State Pool,8281,103,8178,0,0,7,7,0,0,,
0,OR,Odisha,OR_Others,Others,0,0,0,0,0,0,0,0,0,,
451,OR,Odisha,OR_Angul,Angul,10760,267,10456,37,0,23,23,0,0,,
452,OR,Odisha,OR_Balangir,Balangir,8414,120,8256,38,0,27,27,0,0,,
453,OR,Odisha,OR_Balasore,Balasore,11984,176,11710,98,0,18,17,0,1,,
454,OR,Odisha,OR_Bargarh,Bargarh,10069,103,9926,40,0,10,10,0,0,,
456,OR,Odisha,OR_Bhadrak,Bhadrak,7391,40,7323,28,0,10,10,0,0,,
455,OR,Odisha,OR_Boudh,Boudh,2763,7,2745,11,0,2,2,0,0,,
457,OR,Odisha,OR_Cuttack,Cuttack,28655,240,28273,142,0,26,26,0,0,,
458,OR,Odisha,OR_Deogarh,Deogarh,1264,12,1247,5,0,1,1,0,0,,
459,OR,Odisha,OR_Dhenkanal,Dhenkanal,5690,13,5648,29,0,1,1,0,0,,
460,OR,Odisha,OR_Gajapati,Gajapati,3976,12,3931,33,0,1,1,0,0,,
461,OR,Odisha,OR_Ganjam,Ganjam,21792,24,21514,254,0,5,5,0,0,,
462,OR,Odisha,OR_Jagatsinghpur,Jagatsinghpur,9052,50,8964,38,0,3,3,0,0,,
463,OR,Odisha,OR_Jajpur,Jajpur,11888,103,11759,26,0,13,13,0,0,,
464,OR,Odisha,OR_Jharsuguda,Jharsuguda,7438,90,7322,26,0,14,14,0,0,,
465,OR,Odisha,OR_Kalahandi,Kalahandi,6285,45,6211,29,0,5,5,0,0,,
466,OR,Odisha,OR_Kandhamal,Kandhamal,5922,2,5887,33,0,1,1,0,0,,
467,OR,Odisha,OR_Kendrapara,Kendrapara,8974,115,8830,29,0,16,16,0,0,,
468,OR,Odisha,OR_Kendujhar,Kendujhar,7819,86,7696,37,0,5,5,0,0,,
469,OR,Odisha,OR_Khordha,Khordha,52587,245,52013,329,0,30,29,0,1,,
470,OR,Odisha,OR_Koraput,Koraput,7849,48,7785,16,0,1,1,0,0,,
471,OR,Odisha,OR_Malkangiri,Malkangiri,5218,18,5173,27,0,0,0,0,0,,
472,OR,Odisha,OR_Mayurbhanj,Mayurbhanj,13828,116,13620,92,0,20,19,0,1,,
473,OR,Odisha,OR_Nabarangapur,Nabarangapur,5794,27,5752,15,0,0,0,0,0,,
474,OR,Odisha,OR_Nayagarh,Nayagarh,6428,5,6377,46,0,1,1,0,0,,
475,OR,Odisha,OR_Nuapada,Nuapada,7277,109,7142,26,0,13,13,0,0,,
476,OR,Odisha,OR_Puri,Puri,13992,108,13767,117,0,1,1,0,0,,
477,OR,Odisha,OR_Rayagada,Rayagada,8364,26,8294,44,0,9,9,0,0,,
478,OR,Odisha,OR_Sambalpur,Sambalpur,9244,205,8963,76,0,30,30,0,0,,
479,OR,Odisha,OR_Subarnapur,Subarnapur,4686,3,4662,21,0,1,1,0,0,,
480,OR,Odisha,OR_Sundargarh,Sundargarh,14517,395,13954,168,0,40,39,0,1,,
485,PB,Punjab,PB_Amritsar,Amritsar,14383,487,13351,545,0,31,-7,38,0,,
486,PB,Punjab,PB_Barnala,Barnala,2267,45,2158,64,0,4,2,2,0,,
487,PB,Punjab,PB_Bathinda,Bathinda,9054,211,8639,204,0,14,-6,17,3,,
488,PB,Punjab,PB_Faridkot,Faridkot,3847,69,3704,74,0,4,-4,7,1,,
489,PB,Punjab,PB_Fatehgarh Sahib,Fatehgarh Sahib,2489,34,2344,111,0,3,-3,6,0,,
490,PB,Punjab,PB_Fazilka,Fazilka,3828,59,3701,68,0,0,-8,8,0,,
491,PB,Punjab,PB_Ferozepur,Ferozepur,4507,29,4338,140,0,1,-4,5,0,,
492,PB,Punjab,PB_Gurdaspur,Gurdaspur,7871,161,7464,246,0,18,11,7,0,,
493,PB,Punjab,PB_Hoshiarpur,Hoshiarpur,7648,143,7200,305,0,16,-40,55,1,,
494,PB,Punjab,PB_Jalandhar,Jalandhar,19732,428,18670,634,0,37,-18,52,3,,
495,PB,Punjab,PB_Kapurthala,Kapurthala,4689,115,4380,194,0,9,2,7,0,,
496,PB,Punjab,PB_Ludhiana,Ludhiana,24596,419,23221,956,0,38,-13,50,1,,
497,PB,Punjab,PB_Mansa,Mansa,2381,45,2285,51,0,4,2,2,0,,
498,PB,Punjab,PB_Moga,Moga,2731,37,2603,91,0,1,1,0,0,,
499,PB,Punjab,PB_Pathankot,Pathankot,5672,207,5314,151,0,24,11,12,1,,
500,PB,Punjab,PB_Patiala,Patiala,15631,254,14907,470,0,21,-6,27,0,,
501,PB,Punjab,PB_Rupnagar,Rupnagar,3307,145,3001,161,0,3,-29,31,1,,
502,PB,Punjab,PB_S.A.S. Nagar,S.A.S. Nagar,17910,1374,16200,336,0,61,-156,216,1,,
503,PB,Punjab,PB_Sangrur,Sangrur,4347,31,4116,200,0,2,-3,5,0,,
504,PB,Punjab,PB_Shahid Bhagat Singh Nagar,Shahid Bhagat Singh Nagar,2347,55,2211,81,0,8,-2,10,0,,
505,PB,Punjab,PB_Sri Muktsar Sahib,Sri Muktsar Sahib,3793,79,3618,96,0,4,0,4,0,,
506,PB,Punjab,PB_Tarn Taran,Tarn Taran,2096,9,1984,103,0,2,-1,3,0,,
481,PY,Puducherry,PY_Karaikal,Karaikal,3751,44,3646,61,0,0,0,0,0,"2 case of TN has been transferred,so has been reduced from the total count.",
482,PY,Puducherry,PY_Mahe,Mahe,1724,119,1597,8,0,0,0,0,0,"1 case of KL have been transferred,so have been reduced from the total count",
483,PY,Puducherry,PY_Puducherry,Puducherry,30347,179,29653,515,0,0,0,0,0,"209 cases(204 of TN, 1 of AP and 4 other) have been transferred,so have been reduced from the total count.[July 18]4 cases have transferred to TN and have been reduced from recovered cases.",
484,PY,Puducherry,PY_Yanam,Yanam,2092,7,2040,45,0,0,0,0,0,"2 cases of AP have been transferred,so have been reduced from the total count",
507,RJ,Rajasthan,RJ_Ajmer,Ajmer,16351,270,15863,218,0,21,-13,33,1,,
508,RJ,Rajasthan,RJ_Alwar,Alwar,21250,270,20903,77,0,23,-15,38,0,,
509,RJ,Rajasthan,RJ_Banswara,Banswara,2069,240,1796,33,0,13,1,11,1,,
510,RJ,Rajasthan,RJ_Baran,Baran,2365,241,2091,33,0,23,19,4,0,,
511,RJ,Rajasthan,RJ_Barmer,Barmer,4914,138,4728,48,0,5,2,2,1,,
512,RJ,Rajasthan,RJ_Bharatpur,Bharatpur,8923,182,8623,118,0,12,3,9,0,,
513,RJ,Rajasthan,RJ_Bhilwara,Bhilwara,9429,351,9040,38,0,57,25,32,0,,
514,RJ,Rajasthan,RJ_Bikaner,Bikaner,18970,109,18696,165,0,8,6,2,0,,
0,RJ,Rajasthan,RJ_BSF Camp,BSF Camp,85,0,85,0,0,0,0,0,0,,
515,RJ,Rajasthan,RJ_Bundi,Bundi,2788,232,2538,18,0,11,-5,16,0,,
516,RJ,Rajasthan,RJ_Chittorgarh,Chittorgarh,3636,263,3337,36,0,19,11,8,0,,
517,RJ,Rajasthan,RJ_Churu,Churu,4285,134,4111,40,0,7,3,4,0,,
518,RJ,Rajasthan,RJ_Dausa,Dausa,2384,117,2243,24,0,4,3,0,1,,
519,RJ,Rajasthan,RJ_Dholpur,Dholpur,3713,82,3602,29,0,0,-10,10,0,,
520,RJ,Rajasthan,RJ_Dungarpur,Dungarpur,4526,424,4068,34,0,5,-32,37,0,,
0,RJ,Rajasthan,RJ_Evacuees,Evacuees,61,0,61,0,0,0,0,0,0,,
521,RJ,Rajasthan,RJ_Ganganagar,Ganganagar,6523,177,6305,41,0,17,12,5,0,,
522,RJ,Rajasthan,RJ_Hanumangarh,Hanumangarh,2927,101,2814,12,0,1,0,1,0,,
0,RJ,Rajasthan,RJ_Italians,Italians,2,0,2,0,0,0,0,0,0,,
523,RJ,Rajasthan,RJ_Jaipur,Jaipur,56668,3640,52532,496,0,139,-219,357,1,,
524,RJ,Rajasthan,RJ_Jaisalmer,Jaisalmer,2136,195,1916,25,0,12,8,4,0,,
525,RJ,Rajasthan,RJ_Jalore,Jalore,5492,142,5301,49,0,27,21,6,0,,
526,RJ,Rajasthan,RJ_Jhalawar,Jhalawar,3340,149,3169,22,0,19,15,4,0,,
527,RJ,Rajasthan,RJ_Jhunjhunu,Jhunjhunu,4482,47,4383,52,0,12,10,2,0,,
528,RJ,Rajasthan,RJ_Jodhpur,Jodhpur,43407,1361,41762,284,0,85,-46,130,1,,
529,RJ,Rajasthan,RJ_Karauli,Karauli,1494,55,1419,20,0,5,-5,10,0,,
530,RJ,Rajasthan,RJ_Kota,Kota,18224,558,17502,164,0,78,-19,97,0,,
531,RJ,Rajasthan,RJ_Nagaur,Nagaur,9356,218,9048,90,0,39,16,23,0,,
0,RJ,Rajasthan,RJ_Other State,Other State,189,0,150,39,0,0,0,0,0,,
532,RJ,Rajasthan,RJ_Pali,Pali,10618,329,10180,109,0,14,-25,38,1,,
533,RJ,Rajasthan,RJ_Pratapgarh,Pratapgarh,1164,81,1064,19,0,0,-5,5,0,,
534,RJ,Rajasthan,RJ_Rajsamand,Rajsamand,3777,378,3359,40,0,42,21,21,0,,
535,RJ,Rajasthan,RJ_Sawai Madhopur,Sawai Madhopur,2057,167,1864,26,0,6,-2,8,0,,
536,RJ,Rajasthan,RJ_Sikar,Sikar,8889,194,8600,95,0,17,12,5,0,,
537,RJ,Rajasthan,RJ_Sirohi,Sirohi,3562,137,3398,27,0,9,5,4,0,,
538,RJ,Rajasthan,RJ_Tonk,Tonk,3361,221,3106,34,0,6,2,4,0,,
539,RJ,Rajasthan,RJ_Udaipur,Udaipur,11100,285,10706,109,0,49,-11,60,0,,
540,SK,Sikkim,SK_East Sikkim,East Sikkim,1494,385,1106,3,0,0,0,0,0,,
541,SK,Sikkim,SK_North Sikkim,North Sikkim,5,4,1,0,0,0,0,0,0,,
542,SK,Sikkim,SK_South Sikkim,South Sikkim,487,414,73,0,0,0,0,0,0,,
543,SK,Sikkim,SK_West Sikkim,West Sikkim,91,76,15,0,0,0,0,0,0,,
0,TG,Telangana,TG_Foreign Evacuees,Foreign Evacuees,33,33,0,0,0,0,0,0,0,District-wise numbers are out-dated as cumulative counts for each district are not reported in Telangana bulletin,
0,TG,Telangana,TG_Other State,Other State,250,250,0,0,0,0,0,0,0,District-wise numbers are out-dated as cumulative counts for each district are not reported in Telangana bulletin,
576,TG,Telangana,TG_Adilabad,Adilabad,2681,2666,15,0,0,4,4,0,0,District-wise numbers are out-dated as cumulative counts for each district are not reported in Telangana bulletin,
577,TG,Telangana,TG_Bhadradri Kothagudem,Bhadradri Kothagudem,8685,8681,4,0,0,9,9,0,0,District-wise numbers are out-dated as cumulative counts for each district are not reported in Telangana bulletin,
578,TG,Telangana,TG_Hyderabad,Hyderabad,77679,77351,305,23,0,71,71,0,0,District-wise numbers are out-dated as cumulative counts for each district are not reported in Telangana bulletin,
579,TG,Telangana,TG_Jagtial,Jagtial,5892,5890,2,0,0,5,5,0,0,District-wise numbers are out-dated as cumulative counts for each district are not reported in Telangana bulletin,
580,TG,Telangana,TG_Jangaon,Jangaon,3475,3474,1,0,0,4,4,0,0,District-wise numbers are out-dated as cumulative counts for each district are not reported in Telangana bulletin,
581,TG,Telangana,TG_Jayashankar Bhupalapally,Jayashankar Bhupalapally,2369,2369,0,0,0,5,5,0,0,District-wise numbers are out-dated as cumulative counts for each district are not reported in Telangana bulletin,
582,TG,Telangana,TG_Jogulamba Gadwal,Jogulamba Gadwal,3308,3282,25,1,0,3,3,0,0,District-wise numbers are out-dated as cumulative counts for each district are not reported in Telangana bulletin,
583,TG,Telangana,TG_Kamareddy,Kamareddy,5504,5496,8,0,0,1,1,0,0,District-wise numbers are out-dated as cumulative counts for each district are not reported in Telangana bulletin,
584,TG,Telangana,TG_Karimnagar,Karimnagar,13178,13162,16,0,0,16,16,0,0,District-wise numbers are out-dated as cumulative counts for each district are not reported in Telangana bulletin,
585,TG,Telangana,TG_Khammam,Khammam,10315,10312,3,0,0,5,5,0,0,District-wise numbers are out-dated as cumulative counts for each district are not reported in Telangana bulletin,
586,TG,Telangana,TG_Komaram Bheem,Komaram Bheem,1503,1501,2,0,0,3,3,0,0,District-wise numbers are out-dated as cumulative counts for each district are not reported in Telangana bulletin,
587,TG,Telangana,TG_Mahabubabad,Mahabubabad,5261,5260,1,0,0,5,5,0,0,District-wise numbers are out-dated as cumulative counts for each district are not reported in Telangana bulletin,
588,TG,Telangana,TG_Mahabubnagar,Mahabubnagar,4823,4815,8,0,0,6,6,0,0,District-wise numbers are out-dated as cumulative counts for each district are not reported in Telangana bulletin,
589,TG,Telangana,TG_Mancherial,Mancherial,5122,5121,0,1,0,11,11,0,0,District-wise numbers are out-dated as cumulative counts for each district are not reported in Telangana bulletin,
590,TG,Telangana,TG_Medak,Medak,3525,3521,4,0,0,5,5,0,0,District-wise numbers are out-dated as cumulative counts for each district are not reported in Telangana bulletin,
591,TG,Telangana,TG_Medchal Malkajgiri,Medchal Malkajgiri,18849,18839,9,1,0,25,25,0,0,District-wise numbers are out-dated as cumulative counts for each district are not reported in Telangana bulletin,
592,TG,Telangana,TG_Mulugu,Mulugu,2847,2845,2,0,0,5,5,0,0,District-wise numbers are out-dated as cumulative counts for each district are not reported in Telangana bulletin,
593,TG,Telangana,TG_Nagarkurnool,Nagarkurnool,4280,4278,2,0,0,9,9,0,0,District-wise numbers are out-dated as cumulative counts for each district are not reported in Telangana bulletin,
594,TG,Telangana,TG_Nalgonda,Nalgonda,12050,12038,12,0,0,11,11,0,0,District-wise numbers are out-dated as cumulative counts for each district are not reported in Telangana bulletin,
595,TG,Telangana,TG_Narayanpet,Narayanpet,1103,1102,0,1,0,0,0,0,0,District-wise numbers are out-dated as cumulative counts for each district are not reported in Telangana bulletin,
596,TG,Telangana,TG_Nirmal,Nirmal,2504,2491,13,0,0,5,5,0,0,District-wise numbers are out-dated as cumulative counts for each district are not reported in Telangana bulletin,
597,TG,Telangana,TG_Nizamabad,Nizamabad,7891,7861,30,0,0,8,8,0,0,District-wise numbers are out-dated as cumulative counts for each district are not reported in Telangana bulletin,
598,TG,Telangana,TG_Peddapalli,Peddapalli,5553,5552,1,0,0,9,9,0,0,District-wise numbers are out-dated as cumulative counts for each district are not reported in Telangana bulletin,
599,TG,Telangana,TG_Rajanna Sircilla,Rajanna Sircilla,4917,4915,2,0,0,6,6,0,0,District-wise numbers are out-dated as cumulative counts for each district are not reported in Telangana bulletin,
600,TG,Telangana,TG_Ranga Reddy,Ranga Reddy,23455,23436,17,2,0,27,27,0,0,District-wise numbers are out-dated as cumulative counts for each district are not reported in Telangana bulletin,
601,TG,Telangana,TG_Sangareddy,Sangareddy,7668,7662,6,0,0,17,17,0,0,District-wise numbers are out-dated as cumulative counts for each district are not reported in Telangana bulletin,
602,TG,Telangana,TG_Siddipet,Siddipet,7724,7723,1,0,0,8,8,0,0,District-wise numbers are out-dated as cumulative counts for each district are not reported in Telangana bulletin,
603,TG,Telangana,TG_Suryapet,Suryapet,6849,6825,24,0,0,5,5,0,0,District-wise numbers are out-dated as cumulative counts for each district are not reported in Telangana bulletin,
604,TG,Telangana,TG_Vikarabad,Vikarabad,2378,2362,15,1,0,6,6,0,0,District-wise numbers are out-dated as cumulative counts for each district are not reported in Telangana bulletin,
605,TG,Telangana,TG_Wanaparthy,Wanaparthy,3464,3464,0,0,0,0,0,0,0,District-wise numbers are out-dated as cumulative counts for each district are not reported in Telangana bulletin,
606,TG,Telangana,TG_Warangal Rural,Warangal Rural,3590,3590,0,0,0,6,6,0,0,District-wise numbers are out-dated as cumulative counts for each district are not reported in Telangana bulletin,
607,TG,Telangana,TG_Warangal Urban,Warangal Urban,11344,11321,23,0,0,11,11,0,0,District-wise numbers are out-dated as cumulative counts for each district are not reported in Telangana bulletin,
608,TG,Telangana,TG_Yadadri Bhuvanagiri,Yadadri Bhuvanagiri,3826,3826,0,0,0,6,6,0,0,District-wise numbers are out-dated as cumulative counts for each district are not reported in Telangana bulletin,
0,TN,Tamil Nadu,TN_Railway Quarantine,Railway Quarantine,428,0,428,0,0,0,0,0,0,,
0,TN,Tamil Nadu,TN_Airport Quarantine,Airport Quarantine,1953,7,1944,2,0,0,-4,4,0,,
0,TN,Tamil Nadu,TN_Other State,Other State,0,-3,0,3,0,0,0,0,0,,
544,TN,Tamil Nadu,TN_Ariyalur,Ariyalur,4627,10,4569,48,0,2,1,1,0,,
732,TN,Tamil Nadu,TN_Chengalpattu,Chengalpattu,49710,617,48353,740,0,78,23,52,3,,
545,TN,Tamil Nadu,TN_Chennai,Chennai,224094,2954,217155,3985,0,295,19,272,4,[July 22]: 444 backdated deceased entries added to Chennai in TN bulletin.,
546,TN,Tamil Nadu,TN_Coimbatore,Coimbatore,51884,870,50369,645,0,93,-44,135,2,,
547,TN,Tamil Nadu,TN_Cuddalore,Cuddalore,24595,103,24210,282,0,12,7,5,0,,
548,TN,Tamil Nadu,TN_Dharmapuri,Dharmapuri,6350,61,6236,53,0,8,-6,14,0,,
549,TN,Tamil Nadu,TN_Dindigul,Dindigul,10846,142,10507,197,0,20,-2,22,0,,
550,TN,Tamil Nadu,TN_Erode,Erode,13511,280,13088,143,0,32,-12,44,0,,
734,TN,Tamil Nadu,TN_Kallakurichi,Kallakurichi,10783,19,10656,108,0,4,1,3,0,,
551,TN,Tamil Nadu,TN_Kancheepuram,Kancheepuram,28574,309,27832,433,0,40,11,29,0,,
552,TN,Tamil Nadu,TN_Kanyakumari,Kanyakumari,16252,137,15860,255,0,8,-17,25,0,,
553,TN,Tamil Nadu,TN_Karur,Karur,5111,86,4976,49,0,5,-1,6,0,,
554,TN,Tamil Nadu,TN_Krishnagiri,Krishnagiri,7826,106,7604,116,0,22,11,11,0,,
555,TN,Tamil Nadu,TN_Madurai,Madurai,20438,207,19781,450,0,18,-17,35,0,,
556,TN,Tamil Nadu,TN_Nagapattinam,Nagapattinam,8061,112,7822,127,0,14,4,10,0,,
557,TN,Tamil Nadu,TN_Namakkal,Namakkal,11100,183,10809,108,0,25,-3,28,0,,
564,TN,Tamil Nadu,TN_Nilgiris,Nilgiris,7874,125,7704,45,0,11,-8,19,0,,
558,TN,Tamil Nadu,TN_Perambalur,Perambalur,2254,2,2231,21,0,1,0,1,0,,
559,TN,Tamil Nadu,TN_Pudukkottai,Pudukkottai,11371,54,11162,155,0,7,-4,11,0,,
560,TN,Tamil Nadu,TN_Ramanathapuram,Ramanathapuram,6302,26,6144,132,0,2,-1,3,0,,
733,TN,Tamil Nadu,TN_Ranipet,Ranipet,15872,61,15630,181,0,8,-6,14,0,,
561,TN,Tamil Nadu,TN_Salem,Salem,31409,392,30560,457,0,59,18,40,1,,
562,TN,Tamil Nadu,TN_Sivaganga,Sivaganga,6494,49,6319,126,0,13,8,5,0,,
731,TN,Tamil Nadu,TN_Tenkasi,Tenkasi,8231,40,8033,158,0,3,-4,7,0,,
563,TN,Tamil Nadu,TN_Thanjavur,Thanjavur,17032,183,16616,233,0,30,-5,35,0,,
565,TN,Tamil Nadu,TN_Theni,Theni,16850,72,16575,203,0,10,-2,12,0,,
566,TN,Tamil Nadu,TN_Thiruvallur,Thiruvallur,42457,459,41325,673,0,55,1,53,1,,
567,TN,Tamil Nadu,TN_Thiruvarur,Thiruvarur,10863,110,10644,109,0,6,-8,14,0,,
568,TN,Tamil Nadu,TN_Thoothukkudi,Thoothukkudi,16018,80,15797,141,0,8,-7,15,0,,
569,TN,Tamil Nadu,TN_Tiruchirappalli,Tiruchirappalli,14070,210,13687,173,0,27,-4,31,0,,
570,TN,Tamil Nadu,TN_Tirunelveli,Tirunelveli,15229,127,14891,211,0,11,-2,13,0,,
735,TN,Tamil Nadu,TN_Tirupathur,Tirupathur,7399,25,7250,124,0,4,0,4,0,,
571,TN,Tamil Nadu,TN_Tiruppur,Tiruppur,16861,354,16292,215,0,43,-20,63,0,,
572,TN,Tamil Nadu,TN_Tiruvannamalai,Tiruvannamalai,19090,105,18705,280,0,7,-7,14,0,,
573,TN,Tamil Nadu,TN_Vellore,Vellore,20124,195,19589,340,0,15,-5,20,0,,
574,TN,Tamil Nadu,TN_Viluppuram,Viluppuram,14941,87,14744,110,0,13,0,13,0,,
575,TN,Tamil Nadu,TN_Virudhunagar,Virudhunagar,16277,83,15966,228,0,10,-5,15,0,,
609,TR,Tripura,TR_Dhalai,Dhalai,3468,16,3433,18,1,0,-2,2,0,,
610,TR,Tripura,TR_Gomati,Gomati,3925,6,3874,44,1,0,0,0,0,,
611,TR,Tripura,TR_Khowai,Khowai,1834,10,1793,31,0,0,0,0,0,,
612,TR,Tripura,TR_North Tripura,North Tripura,2751,24,2704,16,7,0,-2,2,0,,
613,TR,Tripura,TR_Sipahijala,Sipahijala,2876,9,2830,37,0,0,-1,0,1,,
614,TR,Tripura,TR_South Tripura,South Tripura,4041,22,3993,23,3,0,-3,3,0,,
615,TR,Tripura,TR_Unokoti,Unokoti,2765,10,2732,23,0,1,0,1,0,,
616,TR,Tripura,TR_West Tripura,West Tripura,11563,72,11290,190,11,0,-7,7,0,,
617,UP,Uttar Pradesh,UP_Agra,Agra,10160,216,9774,170,0,16,-22,38,0,,
618,UP,Uttar Pradesh,UP_Aligarh,Aligarh,11113,163,10895,55,0,9,-10,19,0,,
619,UP,Uttar Pradesh,UP_Ambedkar Nagar,Ambedkar Nagar,1856,69,1744,43,0,0,0,0,0,,
620,UP,Uttar Pradesh,UP_Amethi,Amethi,3539,106,3396,37,0,0,0,0,0,,
621,UP,Uttar Pradesh,UP_Amroha,Amroha,4213,81,4082,50,0,3,0,3,0,,
622,UP,Uttar Pradesh,UP_Auraiya,Auraiya,3457,109,3302,46,0,0,0,0,0,,
765,UP,Uttar Pradesh,UP_Ayodhya,Ayodhya,7817,195,7512,110,0,0,0,0,0,,
623,UP,Uttar Pradesh,UP_Azamgarh,Azamgarh,5951,152,5705,94,0,3,1,2,0,,
624,UP,Uttar Pradesh,UP_Baghpat,Baghpat,2251,121,2096,34,0,0,0,0,0,,
625,UP,Uttar Pradesh,UP_Bahraich,Bahraich,4036,70,3892,74,0,1,-5,6,0,,
626,UP,Uttar Pradesh,UP_Ballia,Ballia,7721,193,7425,103,0,15,7,7,1,,
627,UP,Uttar Pradesh,UP_Balrampur,Balrampur,2068,82,1953,33,0,0,0,0,0,,
628,UP,Uttar Pradesh,UP_Banda,Banda,3671,123,3509,39,0,0,0,0,0,,
629,UP,Uttar Pradesh,UP_Barabanki,Barabanki,7635,72,7463,100,0,11,-2,12,1,,
630,UP,Uttar Pradesh,UP_Bareilly,Bareilly,13896,329,13406,161,0,27,7,18,2,,
631,UP,Uttar Pradesh,UP_Basti,Basti,5007,66,4844,97,0,9,6,3,0,,
632,UP,Uttar Pradesh,UP_Bhadohi,Bhadohi,2194,87,2087,20,0,0,0,0,0,,
633,UP,Uttar Pradesh,UP_Bijnor,Bijnor,4239,127,4054,58,0,6,0,6,0,,
634,UP,Uttar Pradesh,UP_Budaun,Budaun,3817,84,3688,45,0,0,0,0,0,,
635,UP,Uttar Pradesh,UP_Bulandshahr,Bulandshahr,6050,222,5738,90,0,16,-23,39,0,,
636,UP,Uttar Pradesh,UP_Chandauli,Chandauli,4654,139,4457,58,0,24,14,10,0,,
637,UP,Uttar Pradesh,UP_Chitrakoot,Chitrakoot,2125,51,2061,13,0,0,0,0,0,,
638,UP,Uttar Pradesh,UP_Deoria,Deoria,6686,103,6491,92,0,4,1,3,0,,
639,UP,Uttar Pradesh,UP_Etah,Etah,2487,80,2380,27,0,0,0,0,0,,
640,UP,Uttar Pradesh,UP_Etawah,Etawah,5690,139,5447,104,0,12,3,8,1,,
642,UP,Uttar Pradesh,UP_Farrukhabad,Farrukhabad,4567,63,4422,82,0,2,-10,12,0,,
643,UP,Uttar Pradesh,UP_Fatehpur,Fatehpur,3732,143,3524,65,0,0,0,0,0,,
644,UP,Uttar Pradesh,UP_Firozabad,Firozabad,3794,44,3682,68,0,0,0,0,0,,
645,UP,Uttar Pradesh,UP_Gautam Buddha Nagar,Gautam Buddha Nagar,24799,522,24188,89,0,29,-18,47,0,,
646,UP,Uttar Pradesh,UP_Ghaziabad,Ghaziabad,25819,805,24914,100,0,40,-60,99,1,,
647,UP,Uttar Pradesh,UP_Ghazipur,Ghazipur,5083,97,4905,81,0,14,7,7,0,,
648,UP,Uttar Pradesh,UP_Gonda,Gonda,5015,72,4876,67,0,0,-4,4,0,,
649,UP,Uttar Pradesh,UP_Gorakhpur,Gorakhpur,20862,292,20231,339,0,21,-6,27,0,,
650,UP,Uttar Pradesh,UP_Hamirpur,Hamirpur,1553,16,1516,21,0,0,0,0,0,,
651,UP,Uttar Pradesh,UP_Hapur,Hapur,4272,152,4053,67,0,0,0,0,0,,
652,UP,Uttar Pradesh,UP_Hardoi,Hardoi,5789,107,5576,106,0,15,12,3,0,,
653,UP,Uttar Pradesh,UP_Hathras,Hathras,1283,11,1265,7,0,0,0,0,0,,
654,UP,Uttar Pradesh,UP_Jalaun,Jalaun,3886,124,3717,45,0,11,-1,12,0,,
655,UP,Uttar Pradesh,UP_Jaunpur,Jaunpur,6560,190,6273,97,0,4,-7,11,0,,
656,UP,Uttar Pradesh,UP_Jhansi,Jhansi,10052,187,9688,177,0,15,-13,28,0,,
657,UP,Uttar Pradesh,UP_Kannauj,Kannauj,3436,42,3347,47,0,0,0,0,0,,
658,UP,Uttar Pradesh,UP_Kanpur Dehat,Kanpur Dehat,2088,70,1984,34,0,0,0,0,0,,
659,UP,Uttar Pradesh,UP_Kanpur Nagar,Kanpur Nagar,32108,596,30691,821,0,33,-29,59,3,,
660,UP,Uttar Pradesh,UP_Kasganj,Kasganj,1934,62,1866,6,0,0,0,0,0,,
661,UP,Uttar Pradesh,UP_Kaushambi,Kaushambi,2246,19,2201,26,0,0,0,0,0,,
663,UP,Uttar Pradesh,UP_Kushinagar,Kushinagar,5622,79,5483,60,0,3,2,1,0,,
662,UP,Uttar Pradesh,UP_Lakhimpur Kheri,Lakhimpur Kheri,7471,137,7247,87,0,8,3,5,0,,
664,UP,Uttar Pradesh,UP_Lalitpur,Lalitpur,3276,79,3151,46,0,0,0,0,0,,
665,UP,Uttar Pradesh,UP_Lucknow,Lucknow,77460,2881,73478,1101,0,234,2,231,1,,
667,UP,Uttar Pradesh,UP_Maharajganj,Maharajganj,5753,17,5646,90,0,6,5,1,0,,
666,UP,Uttar Pradesh,UP_Mahoba,Mahoba,1448,41,1396,11,0,0,0,0,0,,
668,UP,Uttar Pradesh,UP_Mainpuri,Mainpuri,3723,105,3547,71,0,0,0,0,0,,
669,UP,Uttar Pradesh,UP_Mathura,Mathura,6616,217,6290,109,0,9,0,9,0,,
670,UP,Uttar Pradesh,UP_Mau,Mau,3031,42,2950,39,0,0,0,0,0,,
671,UP,Uttar Pradesh,UP_Meerut,Meerut,21490,1060,20007,423,0,79,15,64,0,,
672,UP,Uttar Pradesh,UP_Mirzapur,Mirzapur,3365,141,3182,42,0,0,0,0,0,,
673,UP,Uttar Pradesh,UP_Moradabad,Moradabad,11522,295,11051,176,0,20,-12,32,0,,
674,UP,Uttar Pradesh,UP_Muzaffarnagar,Muzaffarnagar,8128,398,7629,101,0,25,0,25,0,,
675,UP,Uttar Pradesh,UP_Pilibhit,Pilibhit,4119,59,3983,77,0,2,-2,4,0,,
676,UP,Uttar Pradesh,UP_Pratapgarh,Pratapgarh,5239,166,5007,66,0,5,-15,20,0,,
677,UP,Uttar Pradesh,UP_Prayagraj,Prayagraj,28192,764,27048,380,0,62,-29,91,0,,
678,UP,Uttar Pradesh,UP_Rae Bareli,Rae Bareli,5151,242,4804,105,0,20,2,16,2,,
679,UP,Uttar Pradesh,UP_Rampur,Rampur,5372,80,5240,52,0,7,-4,10,1,,
680,UP,Uttar Pradesh,UP_Saharanpur,Saharanpur,9641,446,9064,131,0,14,-25,39,0,,
681,UP,Uttar Pradesh,UP_Sambhal,Sambhal,3161,177,2940,44,0,0,0,0,0,,
682,UP,Uttar Pradesh,UP_Sant Kabir Nagar,Sant Kabir Nagar,3230,74,3112,44,0,0,0,0,0,,
683,UP,Uttar Pradesh,UP_Shahjahanpur,Shahjahanpur,6792,75,6606,111,0,1,-3,4,0,,
684,UP,Uttar Pradesh,UP_Shamli,Shamli,3524,64,3431,29,0,0,0,0,0,,
685,UP,Uttar Pradesh,UP_Shrawasti,Shrawasti,1279,28,1233,18,0,0,0,0,0,,
686,UP,Uttar Pradesh,UP_Siddharthnagar,Siddharthnagar,3973,37,3885,51,0,2,-1,3,0,,
687,UP,Uttar Pradesh,UP_Sitapur,Sitapur,4712,102,4536,74,0,6,0,6,0,,
688,UP,Uttar Pradesh,UP_Sonbhadra,Sonbhadra,4960,210,4678,72,0,13,5,8,0,,
689,UP,Uttar Pradesh,UP_Sultanpur,Sultanpur,4742,245,4421,76,0,10,-10,20,0,,
690,UP,Uttar Pradesh,UP_Unnao,Unnao,4465,181,4202,82,0,7,0,7,0,,
691,UP,Uttar Pradesh,UP_Varanasi,Varanasi,22270,710,21134,426,0,83,5,78,0,,
692,UT,Uttarakhand,UT_Almora,Almora,3023,317,2598,22,86,0,0,0,0,,
693,UT,Uttarakhand,UT_Bageshwar,Bageshwar,1463,156,1291,16,0,0,0,0,0,,
694,UT,Uttarakhand,UT_Chamoli,Chamoli,3340,236,3029,14,61,0,0,0,0,,
695,UT,Uttarakhand,UT_Champawat,Champawat,1661,167,1415,8,71,0,0,0,0,,
696,UT,Uttarakhand,UT_Dehradun,Dehradun,26482,1600,23655,822,405,0,0,0,0,,
697,UT,Uttarakhand,UT_Haridwar,Haridwar,13207,458,12488,145,116,0,0,0,0,,
698,UT,Uttarakhand,UT_Nainital,Nainital,10865,1030,9579,200,56,0,0,0,0,,
699,UT,Uttarakhand,UT_Pauri Garhwal,Pauri Garhwal,4931,230,4620,57,24,0,0,0,0,,
700,UT,Uttarakhand,UT_Pithoragarh,Pithoragarh,3112,404,2676,32,0,0,0,0,0,,
701,UT,Uttarakhand,UT_Rudraprayag,Rudraprayag,2178,120,2042,10,6,0,0,0,0,,
702,UT,Uttarakhand,UT_Tehri Garhwal,Tehri Garhwal,4076,285,3662,16,113,0,0,0,0,,
703,UT,Uttarakhand,UT_Udham Singh Nagar,Udham Singh Nagar,10984,209,10557,108,110,0,0,0,0,,
704,UT,Uttarakhand,UT_Uttarkashi,Uttarkashi,3522,298,3126,13,85,0,0,0,0,,
705,WB,West Bengal,WB_Alipurduar,Alipurduar,7601,54,7462,85,0,0,0,0,0,,
706,WB,West Bengal,WB_Bankura,Bankura,11212,406,10718,88,0,0,0,0,0,,
707,WB,West Bengal,WB_Birbhum,Birbhum,9443,337,9022,84,0,0,0,0,0,,
708,WB,West Bengal,WB_Cooch Behar,Cooch Behar,11571,364,11137,70,0,0,0,0,0,,
709,WB,West Bengal,WB_Dakshin Dinajpur,Dakshin Dinajpur,8053,79,7902,72,0,0,0,0,0,,
710,WB,West Bengal,WB_Darjeeling,Darjeeling,17538,471,16871,196,0,0,0,0,0,,
711,WB,West Bengal,WB_Hooghly,Hooghly,28103,784,26866,453,0,0,0,0,0,,
712,WB,West Bengal,WB_Howrah,Howrah,34213,718,32505,990,0,0,0,0,0,,
713,WB,West Bengal,WB_Jalpaiguri,Jalpaiguri,14192,436,13601,155,0,0,0,0,0,,
714,WB,West Bengal,WB_Jhargram,Jhargram,2930,49,2860,21,0,0,0,0,0,,
715,WB,West Bengal,WB_Kalimpong,Kalimpong,2124,47,2054,23,0,0,0,0,0,,
716,WB,West Bengal,WB_Kolkata,Kolkata,121660,3679,115077,2904,0,0,0,0,0,,
717,WB,West Bengal,WB_Malda,Malda,12381,349,11923,109,0,0,0,0,0,,
719,WB,West Bengal,WB_Murshidabad,Murshidabad,11823,363,11315,145,0,0,0,0,0,,
720,WB,West Bengal,WB_Nadia,Nadia,21265,683,20302,280,0,0,0,0,0,,
721,WB,West Bengal,WB_North 24 Parganas,North 24 Parganas,114925,2544,110096,2285,0,0,0,0,0,,
0,WB,West Bengal,WB_Other State,Other State,66,0,63,3,0,0,0,0,0,,
722,WB,West Bengal,WB_Paschim Bardhaman,Paschim Bardhaman,15171,617,14406,148,0,0,0,0,0,,
718,WB,West Bengal,WB_Paschim Medinipur,Paschim Medinipur,19655,569,18796,290,0,0,0,0,0,,
723,WB,West Bengal,WB_Purba Bardhaman,Purba Bardhaman,12099,349,11658,92,0,0,0,0,0,,
724,WB,West Bengal,WB_Purba Medinipur,Purba Medinipur,19880,663,18947,270,0,0,0,0,0,,
725,WB,West Bengal,WB_Purulia,Purulia,6830,298,6488,44,0,0,0,0,0,,
726,WB,West Bengal,WB_South 24 Parganas,South 24 Parganas,35661,726,34277,658,0,0,0,0,0,,
727,WB,West Bengal,WB_Uttar Dinajpur,Uttar Dinajpur,6359,164,6124,71,0,0,0,0,0,,
728,AN,Andaman and Nicobar Islands,AN_Unknown,Unknown,4860,50,4748,62,0,0,0,0,0,,
729,AP,Andhra Pradesh,AP_Unknown,Unknown,0,0,0,0,0,0,0,0,0,,
730,AR,Arunachal Pradesh,AR_Unknown,Unknown,0,0,0,0,0,0,0,0,0,,
731,AS,Assam,AS_Unknown,Unknown,101523,-64185,165455,250,3,0,0,0,0,,
732,BR,Bihar,BR_Unknown,Unknown,0,0,0,0,0,0,0,0,0,,
733,CH,Chandigarh,CH_Unknown,Unknown,0,0,0,0,0,0,0,0,0,,
734,CT,Chhattisgarh,CT_Unknown,Unknown,0,0,0,0,0,0,0,0,0,,
735,DN,Dadra and Nagar Haveli and Daman and Diu,DN_Unknown,Unknown,0,0,0,0,0,0,0,0,0,,
737,DL,Delhi,DL_Unknown,Unknown,620651,6480,603758,10413,0,0,0,0,0,,
738,GA,Goa,GA_Unknown,Unknown,44216,-2675,46352,539,0,0,0,0,0,,
739,GJ,Gujarat,GJ_Unknown,Unknown,0,0,0,0,0,0,0,0,0,,
740,HR,Haryana,HR_Unknown,Unknown,0,0,0,0,0,0,0,0,0,,
741,HP,Himachal Pradesh,HP_Unknown,Unknown,0,0,0,0,0,0,0,0,0,,
742,JK,Jammu and Kashmir,JK_Unknown,Unknown,0,0,0,0,0,0,0,0,0,,
743,JH,Jharkhand,JH_Unknown,Unknown,0,0,0,0,0,0,0,0,0,,
744,KA,Karnataka,KA_Unknown,Unknown,0,0,0,0,0,0,0,0,0,,
745,KL,Kerala,KL_Unknown,Unknown,0,0,0,0,0,0,0,0,0,,
746,LA,Ladakh,LA_Unknown,Unknown,0,0,0,0,0,0,0,0,0,,
747,LD,Lakshadweep,LD_Unknown,Unknown,0,0,0,0,0,0,0,0,0,,
748,MP,Madhya Pradesh,MP_Unknown,Unknown,0,0,0,0,0,0,0,0,0,,
749,MH,Maharashtra,MH_Unknown,Unknown,0,0,0,0,0,0,0,0,0,,
750,MN,Manipur,MN_Unknown,Unknown,1380,-23000,24321,59,0,0,0,0,0,,
751,ML,Meghalaya,ML_Unknown,Unknown,0,0,0,0,0,0,0,0,0,,
752,MZ,Mizoram,MZ_Unknown,Unknown,0,0,0,0,0,0,0,0,0,,
753,NL,Nagaland,NL_Unknown,Unknown,0,0,0,0,0,0,0,0,0,,
754,OR,Odisha,OR_Unknown,Unknown,0,0,0,0,0,0,0,0,0,,
755,PY,Puducherry,PY_Unknown,Unknown,0,0,0,0,0,0,0,0,0,,
756,PB,Punjab,PB_Unknown,Unknown,0,0,0,0,0,0,0,0,0,,
757,RJ,Rajasthan,RJ_Unknown,Unknown,0,0,0,0,0,0,0,0,0,,
758,SK,Sikkim,SK_Unknown,Unknown,3608,-461,3853,122,94,0,0,0,0,,
759,TN,Tamil Nadu,TN_Unknown,Unknown,0,0,0,0,0,0,0,0,0,,
760,TG,Telangana,TG_Unknown,Unknown,496,-276696,275693,1499,0,0,0,0,0,,
761,TR,Tripura,TR_Unknown,Unknown,0,0,0,0,0,0,0,0,0,,
762,UP,Uttar Pradesh,UP_Unknown,Unknown,0,0,0,0,0,0,0,0,0,,
763,UT,Uttarakhand,UT_Unknown,Unknown,0,0,0,0,0,0,0,0,0,,
764,WB,West Bengal,WB_Unknown,Unknown,0,0,0,0,0,0,0,0,0,,