Region,State_Code,District,Source_1,Source_2,Source_3,Source_4,Source_5,Source_6,Time we update,Time(2nd Update),Time(3rd Update),Vol1,Vol2,Status of the day
Testing,TE,,https://icmr.nic.in/node/39071,https://covid.icmr.org.in/index.php,,,,,09:00,---,---,Dave,Ramya/San/Shrey,
Telangana,TG,,https://twitter.com/IPRTelangana,https://twitter.com/TelanganaHealth,http://124.124.103.93/COVID/home.htm,https://covid19.telangana.gov.in/announcements/media-bulletins/,,,10:00,---,---,Dave,San/Shrey,Added
Tripura,TR,,https://twitter.com/BjpBiplab,https://covid19.tripura.gov.in/Visitor/ViewStatus.aspx,,,,,10:00,---,---,Dave,San/Shrey,Added
Mizoram,MZ,,https://health.mizoram.gov.in/posts,https://twitter.com/ZoramthangaCM,https://twitter.com/dipr_mizoram,,,,17:30,---,---,Dave,San/Shrey,Added
Andhra Pradesh,AP,,https://twitter.com/ArogyaAndhra,http://hmfw.ap.gov.in/covid_dashboard.aspx,,,,,18:00,---,---,Dave,San/Shrey,Added
Bihar,BR,,https://twitter.com/BiharHealthDept,https://twitter.com/PIB_Patna,https://twitter.com/sanjayjavin,https://twitter.com/mangalpandeybjp,,,18:00,17:00,---,Dave,San/Shrey,Added
Puducherry,PY,,https://mahe.gov.in/covid-19/,https://collectorate.py.gov.in/Corona%20COVID-19.htm,,,,,18:00,18:00,---,Dave,San/Shrey,Added
Tamil Nadu,TN,,http://stopcoronatn.in/,https://twitter.com/Vijayabaskarofl,https://twitter.com/NHM_TN,,,,18:30,---,---,Dave,San/Shrey,Added
Odisha,OR,,https://twitter.com/HFWOdisha,https://health.odisha.gov.in/,https://health.odisha.gov.in/covid19-dashboard.html,,,,18:30,18:30,---,Jitendra,Dave/San,Added
Rajasthan,RJ,,http://www.rajswasthya.nic.in/,https://twitter.com/PIBJaipur,,,,,18:30,20:30,---,Dave,San/Shrey,Added
Nagaland,NL,,https://twitter.com/pangnyu,https://twitter.com/dipr_nagaland,,,,,19:00,---,---,Dave,San/Shrey,Added
Jammu and Kashmir,JK,,https://twitter.com/kansalrohit69,https://twitter.com/diprjk/,,,,,19:00,---,---,Dave,San/Shrey,Added
Uttar Pradesh,UP,,https://twitter.com/ANINewsUP,,,,,,19:00,---,---,San,Dave/Shrey,Added
Chandigarh,CH,,http://chdcovid19.in/,https://twitter.com/PIBChandigarh,,,,,19:30,---,---,Dave,San/Shrey,Added
Kerala,KL,,https://twitter.com/CMOKerala,https://twitter.com/vijayanpinarayi,https://dashboard.kerala.gov.in/,http://dhs.kerala.gov.in/%E0%B4%A1%E0%B5%86%E0%B4%AF%E0%B4%BF%E0%B4%B2%E0%B4%BF-%E0%B4%AC%E0%B5%81%E0%B4%B3%E0%B5%8D%E0%B4%B3%E0%B4%B1%E0%B5%8D%E0%B4%B1%E0%B4%BF%E0%B4%A8%E0%B5%8D%E2%80%8D/,,,19:30,---,---,Jerin,Dave/San,Added
Karnataka,KA,,https://covid19.karnataka.gov.in,https://twitter.com/sriramulubjp,https://karunadu.karnataka.gov.in/hfw/kannada/Pages/cv-dashboard-old.aspx,https://twitter.com/DHFWKA,,,19:30,---,---,San,Dave/Shery,Added
Madhya Pradesh,MP,,http://mphealthresponse.nhmmp.gov.in/covid/,https://twitter.com/JansamparkMP,https://www.mpinfo.org/COVID-19/COVID-19_Index.aspx,,,,19:30,---,---,San,Dave/Shery,Added
Haryana,HR,,http://www.nhmharyana.gov.in/page.aspx?id=208,,,,,,19:30,---,---,Abhilasha,Dave/San,Added
Punjab,PB,,https://dronamaps.com/corona.html#/,https://twitter.com/kbssidhu1961,http://pbhealth.gov.in/media-bulletin.htm,,,,19:30,---,---,San,Dave/Shery,Added
West Bengal,WB,,https://www.mohfw.gov.in/,https://www.wbhealth.gov.in/pages/corona/bulletin,,,,,19:40,---,---,San,Dave/Shery,Added
Meghalaya,ML,,http://meghalayaonline.gov.in/covid/login.htm,https://twitter.com/SangmaConrad,,,,,20:00,---,---,San,Shrey/Bee,
Manipur,MN,,http://nrhmmanipur.org/?page_id=2493,https://twitter.com/airnews_imphal,,,,,20:00,---,---,San,Shrey/Bee,
Dadra and Nagar Haveli and Daman and Diu,DN,,https://twitter.com/CollectorDnh/,https://twitter.com/DnhPublicity,https://twitter.com/DiuDistrict,,,,20:30,20:30,---,San,Shrey/Bee,
Delhi,DL,,https://delhifightscorona.in/,https://twitter.com/CMODelhi,,,,,20:30,---,---,San,Shrey/Bee,Added
Maharashtra,MH,,https://arogya.maharashtra.gov.in/1175/Novel--Corona-Virus,https://phdmah.maps.arcgis.com/apps/opsdashboard/index.html#/2cc0055832264c5296890745e9ea415c,https://twitter.com/Maha_MEDD,,,,20:30,---,---,Abhilasha,Shrey/Bee,Added
Uttarakhand,UT,,http://health.uk.gov.in/pages/display/140-novel-corona-virus-guidelines-and-advisory-,https://www.facebook.com/UKMedicalHealth/,https://www.facebook.com/UttarakhandDIPR/,https://twitter.com/PIBDehradun,,,20:30,---,---,San,Shrey/Bee,Added
Gujarat,GJ,,https://twitter.com/MoHFW_GUJARAT,http://gujcovid19.gujarat.gov.in/,,,,,21:00,---,---,Abhilasha,Harsh/Shrey Kedia,Added
Himachal Pradesh,HP,,http://www.nrhmhp.gov.in/,https://twitter.com/nhm_hp,,,,,21:00,17:00,21:00,San,Bee/Shrey,
Sikkim,SK,,https://twitter.com/airnews_gangtok,,,,,,21:00,---,---,San,Shrey/Bee,
Chhattisgarh,CT,,http://www.cghealth.nic.in/cghealth17/,https://twitter.com/TS_SinghDeo,https://twitter.com/HealthCgGov,,,,21:30,---,---,Bee,Shrey/San,
Goa,GA,,https://www.goa.gov.in/covid-19/,https://twitter.com/visrane,https://twitter.com/DHS_Goa,,,,21:30,---,---,Abhilasha,Shrey/San,
Arunachal Pradesh,AR,,https://twitter.com/PemaKhanduBJP,http://covid19.itanagarsmartcity.in/covidstatus.php,https://twitter.com/DirectorateofHS,,,,22:00,---,---,Bee,Shrey/San,
Jharkhand,JH,,https://twitter.com/BannaGupta76/,https://mobile.twitter.com/FobGumla,https://mobile.twitter.com/RanchiPIB,,,,22:00,22:00,---,Abhilasha,Shrey/San,Added
Ladakh,LA,,http://covid.ladakh.gov.in/#dataInsights,https://twitter.com/ladags,https://twitter.com/DIPR_Leh,https://m.facebook.com/story.php?story_fbid=188115659312678&id=114874993303412,,,22:00,---,---,Bee,Shrey/San,
Assam,AS,,https://assam.gov.in/covid-19-advisory.html,https://twitter.com/himantabiswa,https://twitter.com/nhm_assam,,,,22:00,23:50,---,Bee,Shrey/San,Added
Andaman and Nicobar Islands,AN,,https://twitter.com/Andaman_Admin,https://twitter.com/ChetanSanghi,,,,,22:30,---,---,Bee,Shrey/San,
General,GG,,https://www.mohfw.gov.in/,https://twitter.com/PTI_News,https://twitter.com/ANI,https://twitter.com/the_hindu,https://www.indiatoday.in,https://twitter.com/thenewsminute,,,,,,
State Unassigned,UN,,mohfw.gov.in,,,,,,,,,,,
Andaman and Nicobar Islands,AN,Nicobars,,,,,,,,,,,,
Andaman and Nicobar Islands,AN,North and Middle Andaman,,,,,,,,,,,,
Andaman and Nicobar Islands,AN,South Andaman,,,,,,,,,,,,
Andhra Pradesh,AP,Anantapur,http://covid19.ap.gov.in/Covid19_Admin/index.html,,,,,,,,,,,
Andhra Pradesh,AP,Chittoor,http://covid19.ap.gov.in/Covid19_Admin/index.html,,,,,,,,,,,
Andhra Pradesh,AP,East Godavari,http://covid19.ap.gov.in/Covid19_Admin/index.html,,,,,,,,,,,
Andhra Pradesh,AP,Guntur,http://covid19.ap.gov.in/Covid19_Admin/index.html,,,,,,,,,,,
Andhra Pradesh,AP,Krishna,http://covid19.ap.gov.in/Covid19_Admin/index.html,,,,,,,,,,,
Andhra Pradesh,AP,Kurnool,http://covid19.ap.gov.in/Covid19_Admin/index.html,,,,,,,,,,,
Andhra Pradesh,AP,Prakasam,http://covid19.ap.gov.in/Covid19_Admin/index.html,,,,,,,,,,,
Andhra Pradesh,AP,S.P.S. Nellore,http://covid19.ap.gov.in/Covid19_Admin/index.html,,,,,,,,,,,
Andhra Pradesh,AP,Srikakulam,http://covid19.ap.gov.in/Covid19_Admin/index.html,,,,,,,,,,,
Andhra Pradesh,AP,Visakhapatnam,http://covid19.ap.gov.in/Covid19_Admin/index.html,,,,,,,,,,,
Andhra Pradesh,AP,Vizianagaram,http://covid19.ap.gov.in/Covid19_Admin/index.html,,,,,,,,,,,
Andhra Pradesh,AP,West Godavari,http://covid19.ap.gov.in/Covid19_Admin/index.html,,,,,,,,,,,
Andhra Pradesh,AP,Y.S.R. Kadapa,http://covid19.ap.gov.in/Covid19_Admin/index.html,,,,,,,,,,,
Arunachal Pradesh,AR,Anjaw,https://twitter.com/DirectorateofHS,,,,,,,,,,,
Arunachal Pradesh,AR,Changlang,https://twitter.com/DirectorateofHS,,,,,,,,,,,
Arunachal Pradesh,AR,East Kameng,https://twitter.com/DirectorateofHS,,,,,,,,,,,
Arunachal Pradesh,AR,East Siang,https://twitter.com/DirectorateofHS,,,,,,,,,,,
Arunachal Pradesh,AR,Kamle,https://twitter.com/DirectorateofHS,,,,,,,,,,,
Arunachal Pradesh,AR,Kra Daadi,https://twitter.com/DirectorateofHS,,,,,,,,,,,
Arunachal Pradesh,AR,Kurung Kumey,https://twitter.com/DirectorateofHS,,,,,,,,,,,
Arunachal Pradesh,AR,Lepa Rada,https://twitter.com/DirectorateofHS,,,,,,,,,,,
Arunachal Pradesh,AR,Lohit,https://twitter.com/DirectorateofHS,,,,,,,,,,,
Arunachal Pradesh,AR,Longding,https://twitter.com/DirectorateofHS,,,,,,,,,,,
Arunachal Pradesh,AR,Lower Dibang Valley,https://twitter.com/DirectorateofHS,,,,,,,,,,,
Arunachal Pradesh,AR,Lower Siang,https://twitter.com/DirectorateofHS,,,,,,,,,,,
Arunachal Pradesh,AR,Lower Subansiri,https://twitter.com/DirectorateofHS,,,,,,,,,,,
Arunachal Pradesh,AR,Namsai,https://twitter.com/DirectorateofHS,,,,,,,,,,,
Arunachal Pradesh,AR,Pakke Kessang,https://twitter.com/DirectorateofHS,,,,,,,,,,,
Arunachal Pradesh,AR,Papum Pare,https://twitter.com/DirectorateofHS,,,,,,,,,,,
Arunachal Pradesh,AR,Shi Yomi,https://twitter.com/DirectorateofHS,,,,,,,,,,,
Arunachal Pradesh,AR,Siang,https://twitter.com/DirectorateofHS,,,,,,,,,,,
Arunachal Pradesh,AR,Tawang,https://twitter.com/DirectorateofHS,,,,,,,,,,,
Arunachal Pradesh,AR,Tirap,https://twitter.com/DirectorateofHS,,,,,,,,,,,
Arunachal Pradesh,AR,Upper Dibang Valley,https://twitter.com/DirectorateofHS,,,,,,,,,,,
Arunachal Pradesh,AR,Upper Siang,https://twitter.com/DirectorateofHS,,,,,,,,,,,
Arunachal Pradesh,AR,Upper Subansiri,https://twitter.com/DirectorateofHS,,,,,,,,,,,
Arunachal Pradesh,AR,West Kameng,https://twitter.com/DirectorateofHS,,,,,,,,,,,
Arunachal Pradesh,AR,West Siang,https://twitter.com/DirectorateofHS,,,,,,,,,,,
Assam,AS,Baksa,,,,,,,,,,,,
Assam,AS,Barpeta,,,,,,,,,,,,
Assam,AS,Biswanath,,,,,,,,,,,,
Assam,AS,Bongaigaon,,,,,,,,,,,,
Assam,AS,Cachar,,,,,,,,,,,,
Assam,AS,Charaideo,,,,,,,,,,,,
Assam,AS,Chirang,,,,,,,,,,,,
Assam,AS,Darrang,,,,,,,,,,,,
Assam,AS,Dhemaji,,,,,,,,,,,,
Assam,AS,Dhubri,,,,,,,,,,,,
Assam,AS,Dibrugarh,https://www.facebook.com/dibrugarh24x7/photos/a.1763727900564148/2721499768120285/,https://www.facebook.com/District-Administration-Dibrugarh-1553097264906272/,,,,,,,,,,
Assam,AS,Dima Hasao,,,,,,,,,,,,
Assam,AS,Goalpara,,,,,,,,,,,,
Assam,AS,Golaghat,,,,,,,,,,,,
Assam,AS,Hailakandi,,,,,,,,,,,,
Assam,AS,Hojai,,,,,,,,,,,,
Assam,AS,Jorhat,,,,,,,,,,,,
Assam,AS,Kamrup,,,,,,,,,,,,
Assam,AS,Kamrup Metropolitan,,,,,,,,,,,,
Assam,AS,Karbi Anglong,,,,,,,,,,,,
Assam,AS,Karimganj,,,,,,,,,,,,
Assam,AS,Kokrajhar,,,,,,,,,,,,
Assam,AS,Lakhimpur,,,,,,,,,,,,
Assam,AS,Majuli,,,,,,,,,,,,
Assam,AS,Morigaon,,,,,,,,,,,,
Assam,AS,Nagaon,,,,,,,,,,,,
Assam,AS,Nalbari,,,,,,,,,,,,
Assam,AS,Sivasagar,,,,,,,,,,,,
Assam,AS,Sonitpur,,,,,,,,,,,,
Assam,AS,South Salmara Mankachar,,,,,,,,,,,,
Assam,AS,Tinsukia,,,,,,,,,,,,
Assam,AS,Udalguri,https://twitter.com/DeputyUdalguri/status/1295966763264307201?s=20,,,,,,,,,,,
Assam,AS,West Karbi Anglong,,,,,,,,,,,,
Bihar,BR,Araria,https://twitter.com/DmAraria?s=21,,,,,,,,,,,
Bihar,BR,Arwal,,,,,,,,,,,,
Bihar,BR,Aurangabad,,,,,,,,,,,,
Bihar,BR,Banka,,,,,,,,,,,,
Bihar,BR,Begusarai,https://twitter.com/DM_Begusarai/status/1295297683310010368?s=20,,,,,,,,,,,
Bihar,BR,Bhagalpur,https://twitter.com/ibhagalpur/status/1299362184640696321?s=21o,,,,,,,,,,,
Bihar,BR,Bhojpur,,,,,,,,,,,,
Bihar,BR,Buxar,,,,,,,,,,,,
Bihar,BR,Darbhanga,,,,,,,,,,,,
Bihar,BR,Gaya,,,,,,,,,,,,
Bihar,BR,Gopalganj,,,,,,,,,,,,
Bihar,BR,Jamui,,,,,,,,,,,,
Bihar,BR,Jehanabad,,,,,,,,,,,,
Bihar,BR,Kaimur,,,,,,,,,,,,
Bihar,BR,Katihar,,,,,,,,,,,,
Bihar,BR,Khagaria,https://twitter.com/KhagariaDm/status/1296502373251076101?s=20,,,,,,,,,,,
Bihar,BR,Kishanganj,,,,,,,,,,,,
Bihar,BR,Lakhisarai,,,,,,,,,,,,
Bihar,BR,Madhepura,,,,,,,,,,,,
Bihar,BR,Madhubani,,,,,,,,,,,,
Bihar,BR,Munger,,,,,,,,,,,,
Bihar,BR,Muzaffarpur,,,,,,,,,,,,
Bihar,BR,Nalanda,,,,,,,,,,,,
Bihar,BR,Nawada,https://twitter.com/OfficialNawada/status/1295407857014169600?s=20,,,,,,,,,,,
Bihar,BR,West Champaran,,,,,,,,,,,,
Bihar,BR,Patna,,,,,,,,,,,,
Bihar,BR,East Champaran,https://twitter.com/Dm_Motihari/status/1299408864585097216?s=20,,,,,,,,,,,
Bihar,BR,Purnia,https://twitter.com/dmpurnea/status/1295610623024336896?s=20,,,,,,,,,,,
Bihar,BR,Rohtas,,,,,,,,,,,,
Bihar,BR,Saharsa,,,,,,,,,,,,
Bihar,BR,Samastipur,,,,,,,,,,,,
Bihar,BR,Saran,,,,,,,,,,,,
Bihar,BR,Sheikhpura,,,,,,,,,,,,
Bihar,BR,Sheohar,,,,,,,,,,,,
Bihar,BR,Sitamarhi,,,,,,,,,,,,
Bihar,BR,Siwan,,,,,,,,,,,,
Bihar,BR,Supaul,,,,,,,,,,,,
Bihar,BR,Vaishali,,,,,,,,,,,,
Chandigarh,CH,Chandigarh,https://twitter.com/DDnewschd/status/1295354110640705537?s=20,,,,,,,,,,,
Chhattisgarh,CT,Balod,,,,,,,,,,,,
Chhattisgarh,CT,Baloda Bazar,,,,,,,,,,,,
Chhattisgarh,CT,Balrampur,,,,,,,,,,,,
Chhattisgarh,CT,Bametara,,,,,,,,,,,,
Chhattisgarh,CT,Bastar,,,,,,,,,,,,
Chhattisgarh,CT,Bijapur,,,,,,,,,,,,
Chhattisgarh,CT,Bilaspur,,,,,,,,,,,,
Chhattisgarh,CT,Dakshin Bastar Dantewada,,,,,,,,,,,,
Chhattisgarh,CT,Dhamtari,,,,,,,,,,,,
Chhattisgarh,CT,Durg,,,,,,,,,,,,
Chhattisgarh,CT,Gariaband,,,,,,,,,,,,
Chhattisgarh,CT,Janjgir Champa,,,,,,,,,,,,
Chhattisgarh,CT,Jashpur,,,,,,,,,,,,
Chhattisgarh,CT,Kabeerdham,,,,,,,,,,,,
Chhattisgarh,CT,Kondagaon,,,,,,,,,,,,
Chhattisgarh,CT,Korba,,,,,,,,,,,,
Chhattisgarh,CT,Koriya,,,,,,,,,,,,
Chhattisgarh,CT,Mahasamund,,,,,,,,,,,,
Chhattisgarh,CT,Mungeli,,,,,,,,,,,,
Chhattisgarh,CT,Narayanpur,,,,,,,,,,,,
Chhattisgarh,CT,Raigarh,,,,,,,,,,,,
Chhattisgarh,CT,Raipur,,,,,,,,,,,,
Chhattisgarh,CT,Rajnandgaon,https://twitter.com/RajnandgaonDist?s=09,,,,,,,,,,,
Chhattisgarh,CT,Sukma,,,,,,,,,,,,
Chhattisgarh,CT,Surajpur,,,,,,,,,,,,
Chhattisgarh,CT,Surguja,,,,,,,,,,,,
Chhattisgarh,CT,Uttar Bastar Kanker,,,,,,,,,,,,
Chhattisgarh,CT,Gaurela Pendra Marwahi,,,,,,,,,,,,
Delhi,DL,Delhi,,,,,,,,,,,,
Delhi,DL,Central Delhi,,,,,,,,,,,,
Delhi,DL,East Delhi,,,,,,,,,,,,
Delhi,DL,New Delhi,,,,,,,,,,,,
Delhi,DL,North Delhi,,,,,,,,,,,,
Delhi,DL,North East Delhi,,,,,,,,,,,,
Delhi,DL,North West Delhi,,,,,,,,,,,,
Delhi,DL,Shahdara,,,,,,,,,,,,
Delhi,DL,South Delhi,,,,,,,,,,,,
Delhi,DL,South East Delhi,,,,,,,,,,,,
Delhi,DL,South West Delhi,,,,,,,,,,,,
Delhi,DL,West Delhi,,,,,,,,,,,,
Dadra and Nagar Haveli and Daman and Diu,DN,Dadra and Nagar Haveli,https://dddcovid19.in/,,,,,,,,,,,
Dadra and Nagar Haveli and Daman and Diu,DN,Daman,https://dddcovid19.in/,,,,,,,,,,,
Dadra and Nagar Haveli and Daman and Diu,DN,Diu,https://dddcovid19.in/,,,,,,,,,,,
Goa,GA,North Goa,,,,,,,,,,,,
Goa,GA,South Goa,,,,,,,,,,,,
Gujarat,GJ,Ahmedabad,,,,,,,,,,,,
Gujarat,GJ,Amreli,,,,,,,,,,,,
Gujarat,GJ,Anand,,,,,,,,,,,,
Gujarat,GJ,Aravalli,,,,,,,,,,,,
Gujarat,GJ,Banaskantha,,,,,,,,,,,,
Gujarat,GJ,Bharuch,,,,,,,,,,,,
Gujarat,GJ,Bhavnagar,,,,,,,,,,,,
Gujarat,GJ,Botad,,,,,,,,,,,,
Gujarat,GJ,Chhota Udaipur,,,,,,,,,,,,
Gujarat,GJ,Devbhumi Dwarka,,,,,,,,,,,,
Gujarat,GJ,Dahod,,,,,,,,,,,,
Gujarat,GJ,Gandhinagar,,,,,,,,,,,,
Gujarat,GJ,Gir Somnath,,,,,,,,,,,,
Gujarat,GJ,Jamnagar,,,,,,,,,,,,
Gujarat,GJ,Junagadh,,,,,,,,,,,,
Gujarat,GJ,Kutch,,,,,,,,,,,,
Gujarat,GJ,Kheda,,,,,,,,,,,,
Gujarat,GJ,Mehsana,,,,,,,,,,,,
Gujarat,GJ,Mahisagar,,,,,,,,,,,,
Gujarat,GJ,Morbi,,,,,,,,,,,,
Gujarat,GJ,Narmada,,,,,,,,,,,,
Gujarat,GJ,Navsari,,,,,,,,,,,,
Gujarat,GJ,Panchmahal,,,,,,,,,,,,
Gujarat,GJ,Patan,,,,,,,,,,,,
Gujarat,GJ,Porbandar,,,,,,,,,,,,
Gujarat,GJ,Rajkot,,,,,,,,,,,,
Gujarat,GJ,Sabarkantha,,,,,,,,,,,,
Gujarat,GJ,Surat,,,,,,,,,,,,
Gujarat,GJ,Surendranagar,,,,,,,,,,,,
Gujarat,GJ,Tapi,,,,,,,,,,,,
Gujarat,GJ,Dang,,,,,,,,,,,,
Gujarat,GJ,Vadodara,,,,,,,,,,,,
Gujarat,GJ,Valsad,,,,,,,,,,,,
Himachal Pradesh,HP,Bilaspur,,,,,,,,,,,,
Himachal Pradesh,HP,Chamba,,,,,,,,,,,,
Himachal Pradesh,HP,Hamirpur,,,,,,,,,,,,
Himachal Pradesh,HP,Kangra,,,,,,,,,,,,
Himachal Pradesh,HP,Kinnaur,,,,,,,,,,,,
Himachal Pradesh,HP,Kullu,,,,,,,,,,,,
Himachal Pradesh,HP,Lahaul and Spiti,,,,,,,,,,,,
Himachal Pradesh,HP,Mandi,,,,,,,,,,,,
Himachal Pradesh,HP,Shimla,,,,,,,,,,,,
Himachal Pradesh,HP,Sirmaur,,,,,,,,,,,,
Himachal Pradesh,HP,Solan,,,,,,,,,,,,
Himachal Pradesh,HP,Una,,,,,,,,,,,,
Haryana,HR,Ambala,,,,,,,,,,,,
Haryana,HR,Bhiwani,,,,,,,,,,,,
Haryana,HR,Charkhi Dadri,https://twitter.com/diprodadri/status/1299583235509248000,,,,,,,,,,,
Haryana,HR,Faridabad,https://twitter.com/SmartCityFbad/status/1295724180961284096?s=20,https://twitter.com/DIPRO_Faridabad/status/1299392082876874752?s=20,https://twitter.com/AipcFbd/status/1292826685641912320?s=20,,,,,,,,,
Haryana,HR,Fatehabad,https://twitter.com/dipro_fatehabad/status/1299344462817103872,,,,,,,,,,,
Haryana,HR,Gurugram,https://gurugram.gov.in/health-bulletin/,,,,,,,,,,,
Haryana,HR,Hisar,,,,,,,,,,,,
Haryana,HR,Jhajjar,https://twitter.com/dipro_jhajjar/status/1298598257996660737?s=20,,,,,,,,,,,
Haryana,HR,Jind,,,,,,,,,,,,
Haryana,HR,Kaithal,,,,,,,,,,,,
Haryana,HR,Karnal,https://twitter.com/dipro_karnal/status/1299317873324646401?s=20,,,,,,,,,,,
Haryana,HR,Kurukshetra,https://twitter.com/dipro_kkr/status/1299311988217057281?s=20,,,,,,,,,,,
Haryana,HR,Mahendragarh,,,,,,,,,,,,
Haryana,HR,Nuh,,,,,,,,,,,,
Haryana,HR,Palwal,https://twitter.com/DiproPalwal/status/1299337870973440000?s=20,,,,,,,,,,,
Haryana,HR,Panchkula,,,,,,,,,,,,
Haryana,HR,Panipat,https://twitter.com/dipro_panipat/status/1299381295781261312?s=20,,,,,,,,,,,
Haryana,HR,Rewari,,,,,,,,,,,,
Haryana,HR,Rohtak,,,,,,,,,,,,
Haryana,HR,Sirsa,,,,,,,,,,,,
Haryana,HR,Sonipat,,,,,,,,,,,,
Haryana,HR,Yamunanagar,,,,,,,,,,,,
Jharkhand,JH,Bokaro,,,,,,,,,,,,
Jharkhand,JH,Chatra,,,,,,,,,,,,
Jharkhand,JH,Deoghar,,,,,,,,,,,,
Jharkhand,JH,Dhanbad,,,,,,,,,,,,
Jharkhand,JH,Dumka,,,,,,,,,,,,
Jharkhand,JH,Garhwa,,,,,,,,,,,,
Jharkhand,JH,Giridih,,,,,,,,,,,,
Jharkhand,JH,Godda,,,,,,,,,,,,
Jharkhand,JH,Gumla,,,,,,,,,,,,
Jharkhand,JH,Hazaribagh,,,,,,,,,,,,
Jharkhand,JH,Jamtara,,,,,,,,,,,,
Jharkhand,JH,Khunti,,,,,,,,,,,,
Jharkhand,JH,Koderma,,,,,,,,,,,,
Jharkhand,JH,Latehar,,,,,,,,,,,,
Jharkhand,JH,Lohardaga,,,,,,,,,,,,
Jharkhand,JH,Pakur,,,,,,,,,,,,
Jharkhand,JH,Palamu,,,,,,,,,,,,
Jharkhand,JH,West Singhbhum,,,,,,,,,,,,
Jharkhand,JH,East Singhbhum,,,,,,,,,,,,
Jharkhand,JH,Ramgarh,,,,,,,,,,,,
Jharkhand,JH,Ranchi,,,,,,,,,,,,
Jharkhand,JH,Sahibganj,,,,,,,,,,,,
Jharkhand,JH,Saraikela-Kharsawan,,,,,,,,,,,,
Jharkhand,JH,Simdega,,,,,,,,,,,,
Jammu and Kashmir,JK,Anantnag,,,,,,,,,,,,
Jammu and Kashmir,JK,Budgam,,,,,,,,,,,,
Jammu and Kashmir,JK,Bandipora,,,,,,,,,,,,
Jammu and Kashmir,JK,Baramulla,,,,,,,,,,,,
Jammu and Kashmir,JK,Doda,,,,,,,,,,,,
Jammu and Kashmir,JK,Ganderbal,,,,,,,,,,,,
Jammu and Kashmir,JK,Jammu,,,,,,,,,,,,
Jammu and Kashmir,JK,Kathua,,,,,,,,,,,,
Jammu and Kashmir,JK,Kishtwar,,,,,,,,,,,,
Jammu and Kashmir,JK,Kulgam,,,,,,,,,,,,
Jammu and Kashmir,JK,Kupwara,,,,,,,,,,,,
Jammu and Kashmir,JK,Mirpur,,,,,,,,,,,,
Jammu and Kashmir,JK,Muzaffarabad,,,,,,,,,,,,
Jammu and Kashmir,JK,Pulwama,https://pulwama.gov.in/covid-19/control-room-cmo-office-pulwama/,,,,,,,,,,,
Jammu and Kashmir,JK,Punch,,,,,,,,,,,,
Jammu and Kashmir,JK,Rajouri,,,,,,,,,,,,
Jammu and Kashmir,JK,Ramban,,,,,,,,,,,,
Jammu and Kashmir,JK,Reasi,,,,,,,,,,,,
Jammu and Kashmir,JK,Samba,,,,,,,,,,,,
Jammu and Kashmir,JK,Shopiyan,,,,,,,,,,,,
Jammu and Kashmir,JK,Srinagar,,,,,,,,,,,,
Jammu and Kashmir,JK,Udhampur,,,,,,,,,,,,
Karnataka,KA,Bagalkote,https://bagalkot.nic.in/en/covid-19/,,,,,,,,,,,
Karnataka,KA,Ballari,https://twitter.com/bellaryvartha/status/1295689261857959937?s=20,,,,,,,,,,,
Karnataka,KA,Belagavi,https://twitter.com/deobelagavi/status/1295724156747517952?s=20,,,,,,,,,,,
Karnataka,KA,Bengaluru Urban,http://bbmp.gov.in/en/covid19bulletins,,,,,,,,,,,
Karnataka,KA,Bengaluru Rural,https://twitter.com/B_Rural_DIPR/status/1290691947389050883?s=20,,,,,,,,,,,
Karnataka,KA,Bidar,https://t.me/Karnataka_KoViD19_Broadcast/6964,,,,,,,,,,,
Karnataka,KA,Chamarajanagara,,,,,,,,,,,,
Karnataka,KA,Chikkaballapura,,,,,,,,,,,,
Karnataka,KA,Chikkamagaluru,,,,,,,,,,,,
Karnataka,KA,Chitradurga,,,,,,,,,,,,
Karnataka,KA,Dakshina Kannada,https://twitter.com/deepthisTOI/status/1295354192517709825?s=20,,,,,,,,,,,
Karnataka,KA,Davanagere,https://www.facebook.com/jillesamachara,,,,,,,,,,,
Karnataka,KA,Dharwad,https://twitter.com/DC_Dharwad/status/1299008850750656513?s=20,,,,,,,,,,,
Karnataka,KA,Gadag,,,,,,,,,,,,
Karnataka,KA,Hassan,,,,,,,,,,,,
Karnataka,KA,Haveri,,,,,,,,,,,,
Karnataka,KA,Kalaburagi,https://twitter.com/Kalaburgivarthe/status/1293572919264591874?s=20,https://twitter.com/MiraskarRavi/status/1290687092171763712?s=20,,,,,,,,,,
Karnataka,KA,Kodagu,https://twitter.com/DCKodagu/status/1291011449859448833?s=20,,,,,,,,,,,
Karnataka,KA,Kolar,,,,,,,,,,,,
Karnataka,KA,Koppal,,,,,,,,,,,,
Karnataka,KA,Mandya,,,,,,,,,,,,
Karnataka,KA,Mysuru,https://twitter.com/mysuruvarthe/status/1300106006857281536?s=20,,,,,,,,,,,
Karnataka,KA,Raichur,,,,,,,,,,,,
Karnataka,KA,Ramanagara,https://www.facebook.com/DIPRRamanagara,,,,,,,,,,,
Karnataka,KA,Shivamogga,https://twitter.com/DeputyCommissi8/status/1292845975191478273?s=20,,,,,,,,,,,
Karnataka,KA,Tumakuru,https://twitter.com/tumkurcityinfo/status/1289564440388485120?s=20,,,,,,,,,,,
Karnataka,KA,Udupi,https://twitter.com/deepthisTOI/status/1299693586347208710?s=20,,,,,,,,,,,
Karnataka,KA,Uttara Kannada,,,,,,,,,,,,
Karnataka,KA,Vijayapura,,,,,,,,,,,,
Karnataka,KA,Yadgir,https://yadgir.nic.in/en/coviddb/,,,,,,,,,,,
Kerala,KL,Alappuzha,,,,,,,,,,,,
Kerala,KL,Ernakulam,,,,,,,,,,,,
Kerala,KL,Idukki,https://www.facebook.com/collectoridukki/photos/a.999046003862798/1015001452267253/?type=3&eid=ARCZ-QASK0zUYNx2q3FczZoFPS6SI-qw_9ntetr80bR9f9iZ-hDv9y24Mr187YnxkvBI9AnXrHyEG0PC&__xts__%5B0%5D=68.ARAjbQrQQiUdAkeU7MuxXbk_CVu80-quHDCOOzTXEJURNhg-P0lz-xC262v_ekcg2bHWNwuqiiRVk1No_O0gN8nxs0cgiAJKa-CLRi_4DI-djT0pG41PtlVpqmpAAEqfrZa3gv-pkl0KL0umlg3DdZAIYeRBvaHzchycb2uE5ZZLFeNYKH4Bi1f__O5gFIGKAhCTWsqaxt0CyZAajsCnILqDxEQi_umJeSaxOxaDVYRCIG23mUXVtt_n7cOVcVS7hz9JZ9YN8vT80tQJCewkKxSN-3-CPXaA0Ntw4_zPLUpJaTpPbZhvjd46xdISOIXTF_iImbqpuek2CrK7k-Cab2h7oQ&__tn__=EEHH-R,,,,,,,,,,,
Kerala,KL,Kannur,,,,,,,,,,,,
Kerala,KL,Kasaragod,,,,,,,,,,,,
Kerala,KL,Kollam,https://www.facebook.com/dckollam/photos/a.550205395131677/1695736290578576/?type=3&eid=ARBZ3plGNkj1jWuI7GHO_K1fW0sL-65yFsxbg44S3eOPwOZO623cuwhWVCkhb8mF5TOUi1egOaOxhByq&__xts__%5B0%5D=68.ARB54oihEQVwp28GrLX7v5CmLsgrBpmEE1zNSZp0ACcn1JKt927odIA1Sh0Tnw4ijqejBlXoJk166la5PN0FuS3jp7KslJFBiAU5hrG0smI-uQXJ-s4F0X2nFFAXLmsFnQxBoOIqyxckJa3cQyPYApnqsT8x2HzRMCsvUMR4wh7KYXYCSx4TXIgtIL-rbFuVAiE3GppCLZ0oVy4vU3GDCoiw1siK8Ib6FZFrRBHjkJcRg7AsPwsAIrG9dJqdQvBEZ8-JPXPHlS940iljxZGUfqWGwgRQ2laoCdpR99cdGayf0lnbtX586L9sLGzojdutWzRvsi3rsNchTaTUtmqsBv5N-Q&__tn__=EEHH-R,,,,,,,,,,,
Kerala,KL,Kottayam,,,,,,,,,,,,
Kerala,KL,Kozhikode,https://www.facebook.com/CollectorKKD/photos/a.1588800208023420/2727132197523543/?type=3&eid=ARD7GQUM7GJ7ziN8q-kIWP0Jdm1d5H4AcBsaosI5AaOCrFjOr0djAc9iPADb6ZKQVNYGtV1tk21p4a5v&__xts__%5B0%5D=68.ARD9md7Erh77LvtHHVJSoLEJjnE12jh71LMBScO4-yvNxOT2wjIdcLYbZF3LUy7qDffexV3JqcxJ77dae92Bv3oXxwQTi3-etGoGaLMGDSPM9EMAsDPs7QxhhGUbunybXwEMPYZi8qQ_Dd6dBQ5Xy4vEOGTulk5g3TNP50LsylAEsifj85ABND87gCzMO9UX9mSJSt0dPxfFACCvdeMaMuNf0Sy08EP4tdJnIYNHWUf78U_zNkbzbM3IFMOes1Q7xMEcu7eCigXduNBtnOC5yiZhXSbODrugZgVCd_WCW2R83M7c1AcnYSa5sBwyvF58V6eeQtlJcbrzs1HOcC3JuiXmF7pB&__tn__=EHH-R,,,,,,,,,,,
Kerala,KL,Malappuram,https://www.facebook.com/collectormalappuram/photos/a.1408650799180356/3593402077371873/?type=3&eid=ARAjwMgzJcSopkcsClyWpgE_7JfQ3TX7YDd9CeGmejPN3j_yUzOjglc0Aj-Ba1PV-aqRLjXhaLf4JwiM&__xts__%5B0%5D=68.ARBNfKGXcjy4OhoKrTyV9kFAw4SC1vUKaPATwGy-scUXHHJdDNqGvPKEw5thKn46s3G6xhZ2YhwZt1tb2WCdT2k7yzkvoQzh5qLawLXlkTpmEqV-VXTGu-zoYG4kGVde1vRZBIAvcnh3Rc_h_Aki5PymL7dk5FRYY0wD_R2aNffcUP_9IfyzjYBEe8abZlFh5xSAUYItDe83yHZQacpmxd0_j11i4qUJhrM18sRlEbLq0BsEJfC14NXj1X7jvpk3eHsC86zfG4BQkRkM21l1IuePQuZe82SgNVu3PtpoDn3hiij-cIItyikru7y46ppDv0fnH-SO1WQ-11t-c3LkaO9wtw&__tn__=EEHH-R,,,,,,,,,,,
Kerala,KL,Palakkad,https://www.facebook.com/DISTRICTCOLLECTORPALAKKAD/photos/a.259153861395685/659173574727043/?type=3&eid=ARBrysb3shTZVvn1sTUtrZ_iYHz0ZK9Rp1diurauKFcEtL6TTPXvEiQu03-ahTgSiWNelh_9ZIWFuxLi&__xts__%5B0%5D=68.ARANn4RqR8lINTrTiYuX1VMmi6d9jvKhXCMXolEvcJiPn3PsKJrC7BBVuTdOFKX-JCA6EBvG_YiJb9GEvhp_1utmJ4Vunpb_Yet5VqEqcFsA-WrPN2WiQOSEmMdXvJ82UqUk3zZIgbdoR3GYoEKyIYh022kbyt52uIxCGfkJMGM128_WVQn2C5x-7KTalARP-zjN3H1IRlR2AcQwlxKA3TMtPCjapxpkOj-H3jBcIirtcdP0RUSEtbQB9e1l60OuIX8Su11RH5IWpXlCjACa-o_KGczsADJ6zLKJLvHKTUv0ihCy94XN9aRCEs7MPreLkKAq2Qw_fxrIT1HbTQx4EFw&__tn__=EEHH-R,,,,,,,,,,,
Kerala,KL,Pathanamthitta,https://www.facebook.com/dc.pathanamthitta/photos/a.829968503711415/4445484808826415/?type=3&eid=ARAjJ_1CCmOSc2qd4oEvmb9xranWkTV9LZB3oP3JHxtUh1XQOdAzxfydil6BgAXHwhBPmtC24wHomgP_&__xts__%5B0%5D=68.ARABWj7fE-Xz85eEZOW6cfmdwsFrAyGauEXLihZMJ4Orjvh87Porg4cUMymQ0ro5B4DNvNCM0Hd6x7KPIR4NvyL6RUeZlaBVPSLh_scS_ikVbPHtS5KJqvzVWtwnKYw0v3S1qTrzFq5sy5ONAaf2dLgvg2Xi31-rG1eFOrrOn-6nWEnfo9s0MpdcAfOlKP1MTVuVspy1h34ZAuvsJ7PCQ9H4dLSas_4w9i2YmTrQY_ooer-ZwJCOVw77E5DnkvhFILM8X7z23-MYrzehglNweAGfA_-oX96FCm39_U7x40yWFNf2akkihSEv4ggLPnl4kj1FaShns5gYxYPL7a3rbgAuwA&__tn__=EEHH-R,,,,,,,,,,,
Kerala,KL,Thiruvananthapuram,,,,,,,,,,,,
Kerala,KL,Thrissur,,,,,,,,,,,,
Kerala,KL,Wayanad,,,,,,,,,,,,
Ladakh,LA,Kargil,https://www.facebook.com/114874993303412/photos/pcb.206899637434280/206899594100951/?type=3&theater,http://covid.ladakh.gov.in/Upload/getfileN/21c6821e-fad4-4644-a9b4-43b90902ffda_Covid-Ladakh%2017-August.pdf,,,,,,,,,,
Ladakh,LA,Leh,,,,,,,,,,,,
Lakshadweep,LD,Lakshadweep,,,,,,,,,,,,
Maharashtra,MH,Ahmednagar,https://twitter.com/InfoAhmednagar,,,,,,,,,,,
Maharashtra,MH,Akola,https://twitter.com/InfoAkola,,,,,,,,,,,
Maharashtra,MH,Amravati,https://twitter.com/InfoAmravati,,,,,,,,,,,
Maharashtra,MH,Aurangabad,https://twitter.com/InfoAurangabad,https://twitter.com/astikkp,,,,,,,,,,
Maharashtra,MH,Bhandara,https://twitter.com/InfoBhandara,http://epaper.lokmat.com/main-editions/Nagpur%20Main/2020-07-04/1,http://epaper.lokmat.com/articlepage.php?articleid=LOK_HBHN_20200821_4_1,,,,,,,,,
Maharashtra,MH,Beed,https://twitter.com/InfoBeed,,,,,,,,,,,
Maharashtra,MH,Buldhana,https://twitter.com/InfoBuldhana,,http://epaper.lokmat.com/articlepage.php?articleid=LOK_HBUL_20200818_1_3,,,,,,,,,
Maharashtra,MH,Chandrapur,https://twitter.com/InfoChandrapur,http://epaper.lokmat.com/main-editions/Nagpur%20Main/2020-07-04/1,http://epaper.lokmat.com/articlepage.php?articleid=LOK_HCPR_20200818_3_1,,,,,,,,,
Maharashtra,MH,Dhule,https://twitter.com/InfoDhule,,http://epaper.lokmat.com/articlepage.php?articleid=LOK_HDHL_20200818_1_3,,,,,,,,,
Maharashtra,MH,Gadchiroli,https://twitter.com/InfoGadchiroli,http://epaper.lokmat.com/main-editions/Nagpur%20Main/2020-07-04/1,,,,,,,,,,
Maharashtra,MH,Gondia,https://twitter.com/InfoGondia,http://epaper.lokmat.com/main-editions/Nagpur%20Main/2020-07-04/1,http://epaper.lokmat.com/articlepage.php?articleid=LOK_HGND_20200821_1_3,,,,,,,,,
Maharashtra,MH,Hingoli,https://twitter.com/InfoHingoli,,,,,,,,,,,
Maharashtra,MH,Jalgaon,https://twitter.com/InfoJalgaon,,,,,,,,,,,
Maharashtra,MH,Jalna,https://twitter.com/InfoJalna,,http://epaper.lokmat.com/articlepage.php?articleid=LOK_HJAN_20200821_1_3,,,,,,,,,
Maharashtra,MH,Kolhapur,https://twitter.com/Info_Kolhapur,,,,,,,,,,,
Maharashtra,MH,Latur,https://twitter.com/InfoLatur,,,,,,,,,,,
Maharashtra,MH,Mumbai,https://twitter.com/mybmc,,,,,,,,,,,
Maharashtra,MH,Mumbai Suburban,,,,,,,,,,,,
Maharashtra,MH,Nagpur,https://twitter.com/InfoNagpur,https://twitter.com/anilgadekardio,,,,,,,,,,
Maharashtra,MH,Nanded,https://twitter.com/InfoNanded,,,,,,,,,,,
Maharashtra,MH,Nandurbar,https://twitter.com/InfoNandurbar,,http://epaper.lokmat.com/articlepage.php?articleid=LOK_HNDB_20200821_1_3,,,,,,,,,
Maharashtra,MH,Nashik,https://twitter.com/InfoNashik,,,,,,,,,,,
Maharashtra,MH,Osmanabad,https://twitter.com/Osmanabad_DM,https://twitter.com/dioosmanabad,http://epaper.lokmat.com/articlepage.php?articleid=LOK_HOBD_20200821_1_3,,,,,,,,,
Maharashtra,MH,Palghar,https://twitter.com/InfoPalghar,https://datastudio.google.com/embed/reporting/3f20951b-561b-4a87-a919-8134ce69bb43/page/r0ZUB,,,,,,,,,,
Maharashtra,MH,Parbhani,https://twitter.com/InfoParbhani,,https://twitter.com/CollectorParbh1/status/1299375877621534725/photo/2,,,,,,,,,
Maharashtra,MH,Pune,https://twitter.com/Info_Pune,https://twitter.com/PuneZp/status/1295761451131400192,https://twitter.com/RajSarag/status/1296492050775445505,,,,,,,,,
Maharashtra,MH,Raigad,https://twitter.com/InfoRaigad,https://raigad.gov.in/en/collector-office/,,,,,,,,,,
Maharashtra,MH,Ratnagiri,https://twitter.com/InfoRatnagiri,,,,,,,,,,,
Maharashtra,MH,Sangli,https://twitter.com/Info_Sangli,,,,,,,,,,,
Maharashtra,MH,Satara,https://twitter.com/Info_Satara,,,,,,,,,,,
Maharashtra,MH,Sindhudurg,https://twitter.com/InfoSindhudurg,,,,,,,,,,,
Maharashtra,MH,Solapur,https://twitter.com/Info_Solapur,http://epaper.lokmat.com/main-editions/Mumbai%20Main%20/2020-06-28/1,http://epaper.lokmat.com/articlepage.php?articleid=LOK_HSOG_20200818_1_2,,,,,,,,,
Maharashtra,MH,Thane,https://twitter.com/Info_Thane1,http://epaper.lokmat.com/main-editions/Mumbai%20Main%20/2020-06-28/1,http://epaper.lokmat.com/articlepage.php?articleid=LOK_HVAS_20200821_1_3,,,,,,,,,
Maharashtra,MH,Wardha,https://twitter.com/InfoWardha,http://epaper.lokmat.com/main-editions/Nagpur%20Main/2020-07-04/1,http://epaper.lokmat.com/articlepage.php?articleid=LOK_HWAD_20200821_1_14,,,,,,,,,
Maharashtra,MH,Washim,https://twitter.com/InfoWashim,,,,,,,,,,,
Maharashtra,MH,Yavatmal,https://twitter.com/InfoYavatmal,https://dioyavatmal.blogspot.com/,http://epaper.lokmat.com/articlepage.php?articleid=LOK_HYTL_20200819_1_3,,,,,,,,,
Meghalaya,ML,East Garo Hills,,,,,,,,,,,,
Meghalaya,ML,East Jaintia Hills,,,,,,,,,,,,
Meghalaya,ML,East Khasi Hills,,,,,,,,,,,,
Meghalaya,ML,North Garo Hills,,,,,,,,,,,,
Meghalaya,ML,Ribhoi,,,,,,,,,,,,
Meghalaya,ML,South Garo Hills,,,,,,,,,,,,
Meghalaya,ML,South West Garo Hills,,,,,,,,,,,,
Meghalaya,ML,South West Khasi Hills,,,,,,,,,,,,
Meghalaya,ML,West Garo Hills,,,,,,,,,,,,
Meghalaya,ML,West Jaintia Hills,,,,,,,,,,,,
Meghalaya,ML,West Khasi Hills,,,,,,,,,,,,
Manipur,MN,Bishnupur,,,,,,,,,,,,
Manipur,MN,Chandel,,,,,,,,,,,,
Manipur,MN,Churachandpur,,,,,,,,,,,,
Manipur,MN,Imphal East,,,,,,,,,,,,
Manipur,MN,Imphal West,,,,,,,,,,,,
Manipur,MN,Jiribam,,,,,,,,,,,,
Manipur,MN,Kakching,,,,,,,,,,,,
Manipur,MN,Kamjong,,,,,,,,,,,,
Manipur,MN,Kangpokpi,,,,,,,,,,,,
Manipur,MN,Noney,,,,,,,,,,,,
Manipur,MN,Pherzawl,,,,,,,,,,,,
Manipur,MN,Senapati,,,,,,,,,,,,
Manipur,MN,Tamenglong,,,,,,,,,,,,
Manipur,MN,Tengnoupal,,,,,,,,,,,,
Manipur,MN,Thoubal,,,,,,,,,,,,
Manipur,MN,Ukhrul,,,,,,,,,,,,
Madhya Pradesh,MP,Agar Malwa,,,,,,,,,,,,
Madhya Pradesh,MP,Alirajpur,,,,,,,,,,,,
Madhya Pradesh,MP,Anuppur,https://twitter.com/proanuppur/status/1297927699214655488,,,,,,,,,,,
Madhya Pradesh,MP,Ashoknagar,https://twitter.com/PROJSAshokNagar/status/1296399076515348480?s=20,,,,,,,,,,,
Madhya Pradesh,MP,Balaghat,,,,,,,,,,,,
Madhya Pradesh,MP,Barwani,,,,,,,,,,,,
Madhya Pradesh,MP,Betul,https://twitter.com/BetulProjs/status/1296428084078534656?s=20,https://www.facebook.com/collectorbetul/photos/a.778052365566476/3371642682874085/?type=3&eid=ARA6auYX1T97U1mb80MsDIdrVc9Atvu_ZTusBjoxwQ58KmtQehUwvhlgO8T9ElxGolhDcVheirP_YNul&__xts__%5B0%5D=68.ARAQnBl0BHs1S4idoKdD4nnkfOvBZKIDxjtDVs7UoPyV-pHc5MQdUr6OiyqRDuU3Qxxqldwc68250hloZdQkel7PYCksXexDUnzKOVJBPYp4hJ9J9VYd-CiN5iNy6VB6xOOxcvLnxF4EZOHAkmWa6cuXGNp7IGsXUHjzXUcOh7n8oIz3DUCZGsJ96g5dhAjGkxOR_eTK07jAcjSGBVTzRTrQX4ZTFnHrB3KKTVKB5_f4-IPVSVf3CCyGHtMEVWVv52T6M_YwSkpNJp0O_fPmd_6S1iT66qe23faNLS_QQ40EGbG6qXp9eoT086IoWss3ZTK4x6AwhoaFf__vyj6Fsq8d2g&__tn__=EEHH-R,,,,,,,,,,
Madhya Pradesh,MP,Bhind,,,https://epaper.naidunia.com/epaper/06-aug-2020-52-gwalior-edition-gwalior-page-7.html,,,,,,,,,
Madhya Pradesh,MP,Bhopal,,,,,,,,,,,,
Madhya Pradesh,MP,Burhanpur,,,,,,,,,,,,
Madhya Pradesh,MP,Chhatarpur,https://twitter.com/PROJSChhatarpur/status/1296470053995655168?s=20,,,,,,,,,,,
Madhya Pradesh,MP,Chhindwara,,,,,,,,,,,,
Madhya Pradesh,MP,Damoh,,,,,,,,,,,,
Madhya Pradesh,MP,Datia,,,https://epaper.naidunia.com/epaper/06-aug-2020-52-gwalior-edition-gwalior-page-7.html,,,,,,,,,
Madhya Pradesh,MP,Dewas,https://twitter.com/PROJSDewas/status/1296648365287944192?s=20,,,,,,,,,,,
Madhya Pradesh,MP,Dhar,,,,,,,,,,,,
Madhya Pradesh,MP,Dindori,,,,,,,,,,,,
Madhya Pradesh,MP,Khandwa,,http://prokhandwa.blogspot.com/2020/08/2_23.html?m=1,https://epaper.naidunia.com/epaper/06-aug-2020-74-indore-edition-indore-page-9.html,,,,,,,,,
Madhya Pradesh,MP,Guna,,,,,,,,,,,,
Madhya Pradesh,MP,Gwalior,https://twitter.com/jdjsgwalior/status/1298658823931011074,,,,,,,,,,,
Madhya Pradesh,MP,Harda,,,,,,,,,,,,
Madhya Pradesh,MP,Hoshangabad,https://twitter.com/jdhoshangabad/status/1297534644317954049,,,,,,,,,,,
Madhya Pradesh,MP,Indore,https://twitter.com/tarun28988/status/1296511111936843777?s=20,,,,,,,,,,,
Madhya Pradesh,MP,Jabalpur,https://twitter.com/jabalpurdm/status/1296464412052803584?s=20,,,,,,,,,,,
Madhya Pradesh,MP,Jhabua,,,,,,,,,,,,
Madhya Pradesh,MP,Katni,https://twitter.com/CollectorKatni/status/1296390403273318402?s=20,,,,,,,,,,,
Madhya Pradesh,MP,Mandla,,,,,,,,,,,,
Madhya Pradesh,MP,Mandsaur,https://twitter.com/PROJSMandsaur/status/1297866319799259137,,,,,,,,,,,
Madhya Pradesh,MP,Morena,,,https://epaper.naidunia.com/epaper/06-aug-2020-52-gwalior-edition-gwalior-page-7.html,,,,,,,,,
Madhya Pradesh,MP,Narsinghpur,https://twitter.com/dmnarsinghpur/status/1296461451759095808?s=20,,,,,,,,,,,
Madhya Pradesh,MP,Neemuch,,,,,,,,,,,,
Madhya Pradesh,MP,Niwari,,,,,,,,,,,,
Madhya Pradesh,MP,Panna,,,,,,,,,,,,
Madhya Pradesh,MP,Raisen,https://twitter.com/PROJSRaisen/status/1297890429338128386,,,,,,,,,,,
Madhya Pradesh,MP,Rajgarh,,,,,,,,,,,,
Madhya Pradesh,MP,Ratlam,,,https://epaper.naidunia.com/epaper/06-aug-2020-74-indore-edition-indore-page-9.html,,,,,,,,,
Madhya Pradesh,MP,Rewa,,,,,,,,,,,,
Madhya Pradesh,MP,Sagar,,,,,,,,,,,,
Madhya Pradesh,MP,Satna,https://twitter.com/PRO_Satna/status/1297915773701124097,,,,,,,,,,,
Madhya Pradesh,MP,Sehore,https://twitter.com/ProjsSehore/status/1296453995309998083?s=20,,,,,,,,,,,
Madhya Pradesh,MP,Seoni,,,,,,,,,,,,
Madhya Pradesh,MP,Shahdol,,,,,,,,,,,,
Madhya Pradesh,MP,Shajapur,https://twitter.com/PROJSShajapur/status/1296448047669481479?s=20,,,,,,,,,,,
Madhya Pradesh,MP,Sheopur,,,,,,,,,,,,
Madhya Pradesh,MP,Shivpuri,https://twitter.com/projsshivpuri/status/1296484047288401922?s=20,https://twitter.com/collectorshivp1/status/1297935153365307393,,,,,,,,,,
Madhya Pradesh,MP,Sidhi,,,,,,,,,,,,
Madhya Pradesh,MP,Singrauli,,,,,,,,,,,,
Madhya Pradesh,MP,Tikamgarh,,,,,,,,,,,,
Madhya Pradesh,MP,Ujjain,,,,,,,,,,,,
Madhya Pradesh,MP,Umaria,,,,,,,,,,,,
Madhya Pradesh,MP,Vidisha,,,,,,,,,,,,
Madhya Pradesh,MP,Khargone,,,https://epaper.naidunia.com/epaper/06-aug-2020-74-indore-edition-indore-page-9.html,,,,,,,,,
Mizoram,MZ,Aizawl,,,,,,,,,,,,
Mizoram,MZ,Champhai,,,,,,,,,,,,
Mizoram,MZ,Kolasib,,,,,,,,,,,,
Mizoram,MZ,Lawngtlai,,,,,,,,,,,,
Mizoram,MZ,Lunglei,,,,,,,,,,,,
Mizoram,MZ,Mamit,,,,,,,,,,,,
Mizoram,MZ,Saiha,,,,,,,,,,,,
Mizoram,MZ,Serchhip,,,,,,,,,,,,
Mizoram,MZ,Saitual,,,,,,,,,,,,
Mizoram,MZ,Hnahthial,,,,,,,,,,,,
Mizoram,MZ,Khawzawl,,,,,,,,,,,,
Nagaland,NL,Dimapur,,,,,,,,,,,,
Nagaland,NL,Kiphire,,,,,,,,,,,,
Nagaland,NL,Kohima,,,,,,,,,,,,
Nagaland,NL,Longleng,,,,,,,,,,,,
Nagaland,NL,Mokokchung,,,,,,,,,,,,
Nagaland,NL,Mon,,,,,,,,,,,,
Nagaland,NL,Peren,,,,,,,,,,,,
Nagaland,NL,Phek,,,,,,,,,,,,
Nagaland,NL,Tuensang,,,,,,,,,,,,
Nagaland,NL,Wokha,,,,,,,,,,,,
Nagaland,NL,Zunheboto,,,,,,,,,,,,
Odisha,OR,Angul,,,,,,,,,,,,
Odisha,OR,Balangir,,,,,,,,,,,,
Odisha,OR,Balasore,,,,,,,,,,,,
Odisha,OR,Bargarh,,,,,,,,,,,,
Odisha,OR,Boudh,,,,,,,,,,,,
Odisha,OR,Bhadrak,https://twitter.com/DM_Bhadrak/status/1290525148898922501,,,,,,,,,,,
Odisha,OR,Cuttack,,,,,,,,,,,,
Odisha,OR,Deogarh,,,,,,,,,,,,
Odisha,OR,Dhenkanal,https://twitter.com/districtadmndkl/status/1297770521438781441?s=20,,,,,,,,,,,
Odisha,OR,Gajapati,,,,,,,,,,,,
Odisha,OR,Ganjam,https://twitter.com/Ganjam_Admin/status/1297111213239701505?s=20,,,,,,,,,,,
Odisha,OR,Jagatsinghpur,https://twitter.com/CollectorJspur/status/1298693325168316416,,,,,,,,,,,
Odisha,OR,Jajpur,https://twitter.com/JajpurAdmn/status/1297413765349040128?s=20,,,,,,,,,,,
Odisha,OR,Jharsuguda,,,,,,,,,,,,
Odisha,OR,Kalahandi,,,,,,,,,,,,
Odisha,OR,Kandhamal,,,,,,,,,,,,
Odisha,OR,Kendrapara,https://twitter.com/dmkendrapara/status/1297517620787154944?s=20,,,,,,,,,,,
Odisha,OR,Kendujhar,,,,,,,,,,,,
Odisha,OR,Khordha,,,,,,,,,,,,
Odisha,OR,Koraput,,,,,,,,,,,,
Odisha,OR,Malkangiri,,,,,,,,,,,,
Odisha,OR,Mayurbhanj,,,,,,,,,,,,
Odisha,OR,Nabarangapur,https://twitter.com/DMnabarangpur/status/1297774620217491457,,,,,,,,,,,
Odisha,OR,Nayagarh,,,,,,,,,,,,
Odisha,OR,Nuapada,,,,,,,,,,,,
Odisha,OR,Puri,https://twitter.com/Puri_Official/status/1298551153777684480,,,,,,,,,,,
Odisha,OR,Rayagada,,,,,,,,,,,,
Odisha,OR,Sambalpur,,,,,,,,,,,,
Odisha,OR,Subarnapur,,,,,,,,,,,,
Odisha,OR,Sundargarh,,,,,,,,,,,,
Punjab,PB,Amritsar,,,,,,,,,,,,
Punjab,PB,Barnala,,,,,,,,,,,,
Punjab,PB,Bathinda,,,,,,,,,,,,
Punjab,PB,Faridkot,,,,,,,,,,,,
Punjab,PB,Fatehgarh Sahib,,,,,,,,,,,,
Punjab,PB,Fazilka,,,,,,,,,,,,
Punjab,PB,Ferozepur,,,,,,,,,,,,
Punjab,PB,Gurdaspur,,,,,,,,,,,,
Punjab,PB,Hoshiarpur,,,,,,,,,,,,
Punjab,PB,Jalandhar,,,,,,,,,,,,
Punjab,PB,Kapurthala,,,,,,,,,,,,
Punjab,PB,Ludhiana,,,,,,,,,,,,
Punjab,PB,Mansa,,,,,,,,,,,,
Punjab,PB,Moga,,,,,,,,,,,,
Punjab,PB,Pathankot,,,,,,,,,,,,
Punjab,PB,Patiala,,,,,,,,,,,,
Punjab,PB,Rupnagar,,,,,,,,,,,,
Punjab,PB,S.A.S. Nagar,,,,,,,,,,,,
Punjab,PB,Sangrur,,,,,,,,,,,,
Punjab,PB,Shahid Bhagat Singh Nagar,,,,,,,,,,,,
Punjab,PB,Sri Muktsar Sahib,,,,,,,,,,,,
Punjab,PB,Tarn Taran,,,,,,,,,,,,
Puducherry,PY,Karaikal,https://health.py.gov.in/,,,,,,,,,,,
Puducherry,PY,Mahe,https://health.py.gov.in/,,,,,,,,,,,
Puducherry,PY,Puducherry,https://health.py.gov.in/,,,,,,,,,,,
Puducherry,PY,Yanam,https://health.py.gov.in/,,,,,,,,,,,
Rajasthan,RJ,Ajmer,https://twitter.com/airnews_jaipur,http://www.rajswasthya.nic.in/,https://twitter.com/ANI/status/1301194073726808067?s=20,,,,,,,,,
Rajasthan,RJ,Alwar,https://twitter.com/airnews_jaipur,http://www.rajswasthya.nic.in/,https://twitter.com/ANI/status/1301194073726808067?s=20,,,,,,,,,
Rajasthan,RJ,Banswara,https://twitter.com/airnews_jaipur,http://www.rajswasthya.nic.in/,https://twitter.com/ANI/status/1301194073726808067?s=20,,,,,,,,,
Rajasthan,RJ,Baran,https://twitter.com/airnews_jaipur,http://www.rajswasthya.nic.in/,https://twitter.com/ANI/status/1301194073726808067?s=20,,,,,,,,,
Rajasthan,RJ,Barmer,https://twitter.com/airnews_jaipur,http://www.rajswasthya.nic.in/,https://twitter.com/ANI/status/1301194073726808067?s=20,,,,,,,,,
Rajasthan,RJ,Bharatpur,https://twitter.com/airnews_jaipur,http://www.rajswasthya.nic.in/,https://twitter.com/ANI/status/1301194073726808067?s=20,,,,,,,,,
Rajasthan,RJ,Bhilwara,https://twitter.com/airnews_jaipur,http://www.rajswasthya.nic.in/,https://twitter.com/ANI/status/1301194073726808067?s=20,,,,,,,,,
Rajasthan,RJ,Bikaner,https://twitter.com/airnews_jaipur,http://www.rajswasthya.nic.in/,https://twitter.com/ANI/status/1301194073726808067?s=20,,,,,,,,,
Rajasthan,RJ,Bundi,https://twitter.com/airnews_jaipur,http://www.rajswasthya.nic.in/,https://twitter.com/ANI/status/1301194073726808067?s=20,,,,,,,,,
Rajasthan,RJ,Chittorgarh,https://twitter.com/airnews_jaipur,http://www.rajswasthya.nic.in/,https://twitter.com/ANI/status/1301194073726808067?s=20,,,,,,,,,
Rajasthan,RJ,Churu,https://twitter.com/airnews_jaipur,http://www.rajswasthya.nic.in/,https://twitter.com/ANI/status/1301194073726808067?s=20,,,,,,,,,
Rajasthan,RJ,Dausa,https://twitter.com/airnews_jaipur,http://www.rajswasthya.nic.in/,https://twitter.com/ANI/status/1301194073726808067?s=20,,,,,,,,,
Rajasthan,RJ,Dholpur,https://twitter.com/airnews_jaipur,http://www.rajswasthya.nic.in/,https://twitter.com/ANI/status/1301194073726808067?s=20,,,,,,,,,
Rajasthan,RJ,Dungarpur,https://twitter.com/airnews_jaipur,http://www.rajswasthya.nic.in/,https://twitter.com/ANI/status/1301194073726808067?s=20,,,,,,,,,
Rajasthan,RJ,Ganganagar,https://twitter.com/airnews_jaipur,http://www.rajswasthya.nic.in/,https://twitter.com/ANI/status/1301194073726808067?s=20,,,,,,,,,
Rajasthan,RJ,Hanumangarh,https://twitter.com/airnews_jaipur,http://www.rajswasthya.nic.in/,https://twitter.com/ANI/status/1301194073726808067?s=20,,,,,,,,,
Rajasthan,RJ,Jaipur,https://twitter.com/airnews_jaipur,http://www.rajswasthya.nic.in/,https://twitter.com/ANI/status/1301194073726808067?s=20,,,,,,,,,
Rajasthan,RJ,Jaisalmer,https://twitter.com/airnews_jaipur,http://www.rajswasthya.nic.in/,https://twitter.com/ANI/status/1301194073726808067?s=20,,,,,,,,,
Rajasthan,RJ,Jalore,https://twitter.com/airnews_jaipur,http://www.rajswasthya.nic.in/,https://twitter.com/ANI/status/1301194073726808067?s=20,,,,,,,,,
Rajasthan,RJ,Jhalawar,https://twitter.com/airnews_jaipur,http://www.rajswasthya.nic.in/,https://twitter.com/ANI/status/1301194073726808067?s=20,,,,,,,,,
Rajasthan,RJ,Jhunjhunu,https://twitter.com/airnews_jaipur,http://www.rajswasthya.nic.in/,https://twitter.com/ANI/status/1301194073726808067?s=20,,,,,,,,,
Rajasthan,RJ,Jodhpur,https://twitter.com/airnews_jaipur,http://www.rajswasthya.nic.in/,https://twitter.com/ANI/status/1301194073726808067?s=20,,,,,,,,,
Rajasthan,RJ,Karauli,https://twitter.com/airnews_jaipur,http://www.rajswasthya.nic.in/,https://twitter.com/ANI/status/1301194073726808067?s=20,,,,,,,,,
Rajasthan,RJ,Kota,https://twitter.com/airnews_jaipur,http://www.rajswasthya.nic.in/,https://twitter.com/ANI/status/1301194073726808067?s=20,,,,,,,,,
Rajasthan,RJ,Nagaur,https://twitter.com/airnews_jaipur,http://www.rajswasthya.nic.in/,https://twitter.com/ANI/status/1301194073726808067?s=20,,,,,,,,,
Rajasthan,RJ,Pali,https://twitter.com/airnews_jaipur,http://www.rajswasthya.nic.in/,https://twitter.com/ANI/status/1301194073726808067?s=20,,,,,,,,,
Rajasthan,RJ,Pratapgarh,https://twitter.com/airnews_jaipur,http://www.rajswasthya.nic.in/,https://twitter.com/ANI/status/1301194073726808067?s=20,,,,,,,,,
Rajasthan,RJ,Rajsamand,https://twitter.com/airnews_jaipur,http://www.rajswasthya.nic.in/,https://twitter.com/ANI/status/1301194073726808067?s=20,,,,,,,,,
Rajasthan,RJ,Sawai Madhopur,https://twitter.com/airnews_jaipur,http://www.rajswasthya.nic.in/,https://twitter.com/ANI/status/1301194073726808067?s=20,,,,,,,,,
Rajasthan,RJ,Sikar,https://twitter.com/airnews_jaipur,http://www.rajswasthya.nic.in/,https://twitter.com/ANI/status/1301194073726808067?s=20,,,,,,,,,
Rajasthan,RJ,Sirohi,https://twitter.com/airnews_jaipur,http://www.rajswasthya.nic.in/,https://twitter.com/ANI/status/1301194073726808067?s=20,,,,,,,,,
Rajasthan,RJ,Tonk,https://twitter.com/airnews_jaipur,http://www.rajswasthya.nic.in/,https://twitter.com/ANI/status/1301194073726808067?s=20,,,,,,,,,
Rajasthan,RJ,Udaipur,https://twitter.com/airnews_jaipur,http://www.rajswasthya.nic.in/,https://twitter.com/ANI/status/1301194073726808067?s=20,,,,,,,,,
Sikkim,SK,East Sikkim,,,,,,,,,,,,
Sikkim,SK,North Sikkim,,,,,,,,,,,,
Sikkim,SK,South Sikkim,,,,,,,,,,,,
Sikkim,SK,West Sikkim,,,,,,,,,,,,
Telangana,TG,Adilabad,,,,,,,,,,,,
Telangana,TG,Bhadradri Kothagudem,,,,,,,,,,,,
Telangana,TG,Hyderabad,,,,,,,,,,,,
Telangana,TG,Jagtial,,,,,,,,,,,,
Telangana,TG,Jangaon,,,,,,,,,,,,
Telangana,TG,Jayashankar Bhupalapally,,,,,,,,,,,,
Telangana,TG,Jogulamba Gadwal,,,,,,,,,,,,
Telangana,TG,Kamareddy,,,,,,,,,,,,
Telangana,TG,Karimnagar,,,,,,,,,,,,
Telangana,TG,Khammam,,,,,,,,,,,,
Telangana,TG,Komaram Bheem,,,,,,,,,,,,
Telangana,TG,Mahabubabad,,,,,,,,,,,,
Telangana,TG,Mahabubnagar,,,,,,,,,,,,
Telangana,TG,Mancherial,,,,,,,,,,,,
Telangana,TG,Medak,,,,,,,,,,,,
Telangana,TG,Medchal Malkajgiri,,,,,,,,,,,,
Telangana,TG,Mulugu,,,,,,,,,,,,
Telangana,TG,Nagarkurnool,,,,,,,,,,,,
Telangana,TG,Nalgonda,,,,,,,,,,,,
Telangana,TG,Narayanpet,,,,,,,,,,,,
Telangana,TG,Nirmal,,,,,,,,,,,,
Telangana,TG,Nizamabad,,,,,,,,,,,,
Telangana,TG,Peddapalli,,,,,,,,,,,,
Telangana,TG,Rajanna Sircilla,,,,,,,,,,,,
Telangana,TG,Ranga Reddy,,,,,,,,,,,,
Telangana,TG,Sangareddy,,,,,,,,,,,,
Telangana,TG,Siddipet,,,,,,,,,,,,
Telangana,TG,Suryapet,,,,,,,,,,,,
Telangana,TG,Vikarabad,,,,,,,,,,,,
Telangana,TG,Wanaparthy,,,,,,,,,,,,
Telangana,TG,Warangal Rural,,,,,,,,,,,,
Telangana,TG,Warangal Urban,,,,,,,,,,,,
Telangana,TG,Yadadri Bhuvanagiri,,,,,,,,,,,,
Tamil Nadu,TN,Ariyalur,,,,,,,,,,,,
Tamil Nadu,TN,Chennai,greater chennai corporation telegram channel,,,,,,,,,,,
Tamil Nadu,TN,Coimbatore,,,,,,,,,,,,
Tamil Nadu,TN,Cuddalore,,,,,,,,,,,,
Tamil Nadu,TN,Dharmapuri,https://gisnic.tn.nic.in/dpidashboard/,,,,,,,,,,,
Tamil Nadu,TN,Dindigul,,,,,,,,,,,,
Tamil Nadu,TN,Erode,,,,,,,,,,,,
Tamil Nadu,TN,Kancheepuram,,,,,,,,,,,,
Tamil Nadu,TN,Kanyakumari,,,,,,,,,,,,
Tamil Nadu,TN,Karur,,,,,,,,,,,,
Tamil Nadu,TN,Krishnagiri,,,,,,,,,,,,
Tamil Nadu,TN,Madurai,,,,,,,,,,,,
Tamil Nadu,TN,Nagapattinam,,,,,,,,,,,,
Tamil Nadu,TN,Namakkal,,,,,,,,,,,,
Tamil Nadu,TN,Perambalur,,,,,,,,,,,,
Tamil Nadu,TN,Pudukkottai,,,,,,,,,,,,
Tamil Nadu,TN,Ramanathapuram,,,,,,,,,,,,
Tamil Nadu,TN,Salem,,,,,,,,,,,,
Tamil Nadu,TN,Sivaganga,,,,,,,,,,,,
Tamil Nadu,TN,Thanjavur,,,,,,,,,,,,
Tamil Nadu,TN,Nilgiris,,,,,,,,,,,,
Tamil Nadu,TN,Theni,,,,,,,,,,,,
Tamil Nadu,TN,Thiruvallur,,,,,,,,,,,,
Tamil Nadu,TN,Thiruvarur,,,,,,,,,,,,
Tamil Nadu,TN,Thoothukkudi,,,,,,,,,,,,
Tamil Nadu,TN,Tiruchirappalli,,,,,,,,,,,,
Tamil Nadu,TN,Tirunelveli,,,,,,,,,,,,
Tamil Nadu,TN,Tiruppur,,,,,,,,,,,,
Tamil Nadu,TN,Tiruvannamalai,,,,,,,,,,,,
Tamil Nadu,TN,Vellore,,,,,,,,,,,,
Tamil Nadu,TN,Viluppuram,,,,,,,,,,,,
Tamil Nadu,TN,Virudhunagar,,,,,,,,,,,,
Tamil Nadu,TN,Tenkasi,,,,,,,,,,,,
Tamil Nadu,TN,Chengalpattu,,,,,,,,,,,,
Tamil Nadu,TN,Ranipet,,,,,,,,,,,,
Tamil Nadu,TN,Kallakurichi,,,,,,,,,,,,
Tamil Nadu,TN,Tirupathur,,,,,,,,,,,,
Tripura,TR,Dhalai,,,,,,,,,,,,
Tripura,TR,Gomati,,,,,,,,,,,,
Tripura,TR,Khowai,,,,,,,,,,,,
Tripura,TR,North Tripura,,,,,,,,,,,,
Tripura,TR,Sipahijala,,,,,,,,,,,,
Tripura,TR,South Tripura,,,,,,,,,,,,
Tripura,TR,Unokoti,,,,,,,,,,,,
Tripura,TR,West Tripura,,,,,,,,,,,,
Uttar Pradesh,UP,Agra,https://twitter.com/PrabhuNs_/status/1295720810942955526?s=20,,,,,,,,,,,
Uttar Pradesh,UP,Aligarh,,,,,,,,,,,,
Uttar Pradesh,UP,Ambedkar Nagar,,,,,,,,,,,,
Uttar Pradesh,UP,Amethi,https://twitter.com/DmAmethi/status/1296014622122680320?s=20,,,,,,,,,,,
Uttar Pradesh,UP,Amroha,,,,,,,,,,,,
Uttar Pradesh,UP,Auraiya,,,,,,,,,,,,
Uttar Pradesh,UP,Azamgarh,,,,,,,,,,,,
Uttar Pradesh,UP,Baghpat,,,,,,,,,,,,
Uttar Pradesh,UP,Bahraich,,,,,,,,,,,,
Uttar Pradesh,UP,Ballia,,,,,,,,,,,,
Uttar Pradesh,UP,Balrampur,,,,,,,,,,,,
Uttar Pradesh,UP,Banda,,,,,,,,,,,,
Uttar Pradesh,UP,Barabanki,https://twitter.com/BarabankiD/status/1295751438082031616?s=20,,,,,,,,,,,
Uttar Pradesh,UP,Bareilly,,,,,,,,,,,,
Uttar Pradesh,UP,Basti,https://twitter.com/dmbas_/status/1289514021217943552?s=20,,,,,,,,,,,
Uttar Pradesh,UP,Bhadohi,,,,,,,,,,,,
Uttar Pradesh,UP,Bijnor,,,,,,,,,,,,
Uttar Pradesh,UP,Budaun,,,,,,,,,,,,
Uttar Pradesh,UP,Bulandshahr,,,,,,,,,,,,
Uttar Pradesh,UP,Chandauli,,,,,,,,,,,,
Uttar Pradesh,UP,Chitrakoot,,,,,,,,,,,,
Uttar Pradesh,UP,Deoria,,,,,,,,,,,,
Uttar Pradesh,UP,Etah,,,,,,,,,,,,
Uttar Pradesh,UP,Etawah,,,,,,,,,,,,
Uttar Pradesh,UP,Farrukhabad,,,,,,,,,,,,
Uttar Pradesh,UP,Fatehpur,,,,,,,,,,,,
Uttar Pradesh,UP,Firozabad,,,,,,,,,,,,
Uttar Pradesh,UP,Gautam Buddha Nagar,,,,,,,,,,,,
Uttar Pradesh,UP,Ghaziabad,,,,,,,,,,,,
Uttar Pradesh,UP,Ghazipur,,,,,,,,,,,,
Uttar Pradesh,UP,Gonda,https://twitter.com/dmgonda2?s=09,https://twitter.com/shashank_ias,,,,,,,,,,
Uttar Pradesh,UP,Gorakhpur,,,,,,,,,,,,
Uttar Pradesh,UP,Hamirpur,,,,,,,,,,,,
Uttar Pradesh,UP,Hapur,,,,,,,,,,,,
Uttar Pradesh,UP,Hardoi,,,,,,,,,,,,
Uttar Pradesh,UP,Hathras,,,,,,,,,,,,
Uttar Pradesh,UP,Jalaun,,,,,,,,,,,,
Uttar Pradesh,UP,Jaunpur,,,,,,,,,,,,
Uttar Pradesh,UP,Jhansi,https://jhansi.nic.in/covid-19/,,,,,,,,,,,
Uttar Pradesh,UP,Kannauj,,,,,,,,,,,,
Uttar Pradesh,UP,Kanpur Dehat,,,,,,,,,,,,
Uttar Pradesh,UP,Kanpur Nagar,https://twitter.com/DMKanpur/status/1299365943819137024?s=20,,,,,,,,,,,
Uttar Pradesh,UP,Kasganj,,,,,,,,,,,,
Uttar Pradesh,UP,Kaushambi,,,,,,,,,,,,
Uttar Pradesh,UP,Lakhimpur Kheri,,,,,,,,,,,,
Uttar Pradesh,UP,Kushinagar,,,,,,,,,,,,
Uttar Pradesh,UP,Lalitpur,,,,,,,,,,,,
Uttar Pradesh,UP,Lucknow,,,,,,,,,,,,
Uttar Pradesh,UP,Mahoba,,,,,,,,,,,,
Uttar Pradesh,UP,Maharajganj,,,,,,,,,,,,
Uttar Pradesh,UP,Mainpuri,,,,,,,,,,,,
Uttar Pradesh,UP,Mathura,,,,,,,,,,,,
Uttar Pradesh,UP,Mau,,,,,,,,,,,,
Uttar Pradesh,UP,Meerut,,,,,,,,,,,,
Uttar Pradesh,UP,Mirzapur,,,,,,,,,,,,
Uttar Pradesh,UP,Moradabad,https://moradabad.nic.in/covid-19-%E0%A4%95%E0%A5%8B%E0%A4%B5%E0%A4%BF%E0%A4%A1-%E0%A5%A7%E0%A5%AF/,,,,,,,,,,,
Uttar Pradesh,UP,Muzaffarnagar,,,,,,,,,,,,
Uttar Pradesh,UP,Pilibhit,,,,,,,,,,,,
Uttar Pradesh,UP,Pratapgarh,,,,,,,,,,,,
Uttar Pradesh,UP,Prayagraj,,,,,,,,,,,,
Uttar Pradesh,UP,Rae Bareli,,,,,,,,,,,,
Uttar Pradesh,UP,Rampur,,,,,,,,,,,,
Uttar Pradesh,UP,Saharanpur,,,,,,,,,,,,
Uttar Pradesh,UP,Sambhal,,,,,,,,,,,,
Uttar Pradesh,UP,Sant Kabir Nagar,,,,,,,,,,,,
Uttar Pradesh,UP,Shahjahanpur,,,,,,,,,,,,
Uttar Pradesh,UP,Shamli,,,,,,,,,,,,
Uttar Pradesh,UP,Shrawasti,,,,,,,,,,,,
Uttar Pradesh,UP,Siddharthnagar,,,,,,,,,,,,
Uttar Pradesh,UP,Sitapur,,,,,,,,,,,,
Uttar Pradesh,UP,Sonbhadra,,,,,,,,,,,,
Uttar Pradesh,UP,Sultanpur,,,,,,,,,,,,
Uttar Pradesh,UP,Unnao,,,,,,,,,,,,
Uttar Pradesh,UP,Varanasi,,,,,,,,,,,,
Uttar Pradesh,UP,Ayodhya,,,,,,,,,,,,
Uttarakhand,UT,Almora,,,,,,,,,,,,
Uttarakhand,UT,Bageshwar,,,,,,,,,,,,
Uttarakhand,UT,Chamoli,,,,,,,,,,,,
Uttarakhand,UT,Champawat,,,,,,,,,,,,
Uttarakhand,UT,Dehradun,,,,,,,,,,,,
Uttarakhand,UT,Haridwar,,,,,,,,,,,,
Uttarakhand,UT,Nainital,,,,,,,,,,,,
Uttarakhand,UT,Pauri Garhwal,,,,,,,,,,,,
Uttarakhand,UT,Pithoragarh,,,,,,,,,,,,
Uttarakhand,UT,Rudraprayag,,,,,,,,,,,,
Uttarakhand,UT,Tehri Garhwal,,,,,,,,,,,,
Uttarakhand,UT,Udham Singh Nagar,,,,,,,,,,,,
Uttarakhand,UT,Uttarkashi,,,,,,,,,,,,
West Bengal,WB,Alipurduar,,,,,,,,,,,,
West Bengal,WB,Bankura,,,,,,,,,,,,
West Bengal,WB,Birbhum,,,,,,,,,,,,
West Bengal,WB,Cooch Behar,,,,,,,,,,,,
West Bengal,WB,Dakshin Dinajpur,,,,,,,,,,,,
West Bengal,WB,Darjeeling,,,,,,,,,,,,
West Bengal,WB,Hooghly,,,,,,,,,,,,
West Bengal,WB,Howrah,,,,,,,,,,,,
West Bengal,WB,Jalpaiguri,,,,,,,,,,,,
West Bengal,WB,Jhargram,,,,,,,,,,,,
West Bengal,WB,Kalimpong,,,,,,,,,,,,
West Bengal,WB,Kolkata,,,,,,,,,,,,
West Bengal,WB,Malda,,,,,,,,,,,,
West Bengal,WB,Paschim Medinipur,,,,,,,,,,,,
West Bengal,WB,Murshidabad,,,,,,,,,,,,
West Bengal,WB,Nadia,,,,,,,,,,,,
West Bengal,WB,North 24 Parganas,,,,,,,,,,,,
West Bengal,WB,Paschim Bardhaman,,,,,,,,,,,,
West Bengal,WB,Purba Bardhaman,,,,,,,,,,,,
West Bengal,WB,Purba Medinipur,,,,,,,,,,,,
West Bengal,WB,Purulia,,,,,,,,,,,,
West Bengal,WB,South 24 Parganas,,,,,,,,,,,,
West Bengal,WB,Uttar Dinajpur,,,,,,,,,,,,